iata,icao
AAN,OMAL
AUH,OMAA
AYM,
AZI,OMAD
DHF,OMAM
XSB,OMBY
ZDY,OMDL
FJR,OMFJ
SHJ,OMSJ
DCG,
DJH,
DWC,OMDW
DXB,OMDB
NHD,OMDM
RHR,
RKT,OMRK
DAZ,OADZ
FBD,OAFZ
KUR,OARZ
KWH,OAHN
SGA,OASN
LQN,OAQN
MZR,OAMS
BIN,OABN
FAH,OAFR
MMZ,OAMN
GZI,OAGN
SBF,OADS
CCN,OACC
BST,OABT
DWR,OADY
OAZ,OAZI
HEA,OAHR
OAH,OASD
ZAJ,OAZJ
GRG,OAGZ
KBL,OAKB
KDH,OAKN
TII,OATN
URZ,OARG
KHT,OAKS
OLR,OASL
UND,OAUZ
OAA,OASH
JAA,OAJL
OAS,OASA
URN,OAOG
OAI,OAIX
TQN,OATQ
BBQ,TAPH
ANU,TAPA
AXA,TQPF
EVN,UDYZ
LWN,UDSG
AZZ,FNAM
BUG,FNBG
CBT,FNCT
LLT,FNLB
ANL,
SVP,FNKU
CAB,FNCA
VPE,FNGI
XGN,FNXA
NOV,FNHU
JMB,
SDD,FNUB
CTI,FNCV
DRC,
SPP,FNME
NDF,
CEO,FNWK
NDD,FNSU
PBN,FNPA
LAD,FNLU
CFF,FNCF
DUE,FNDU
LBZ,FNLK
LZM,FNLZ
NZA,FNZG
PGI,FNCH
VHC,FNSA
KNP,FNCP
MEG,FNMA
CAV,FNCZ
CNZ,
GGC,
LUO,FNUE
UAL,FNUA
MSZ,FNMO
GXG,FNNG
UGO,FNUG
ARZ,FNZE
SSY,FNBC
SZA,FNSO
TNM,SCRM
AEP,SABE
BHI,SAZB
CPG,
CSZ,SAZC
EPA,SADP
EZE,SAEZ
JNI,SAAJ
LPG,SADL
MDQ,SAZM
MJR,
NEC,SAZO
OVR,SAZF
OYO,SAZH
PEH,SAZP
SST,SAZL
TDL,SAZT
VGS,
VLG,SAZV
CTC,SANC
CNT,
PRQ,SARS
RES,SARE
ARR,SAVR
CRD,SAVC
EMX,SAVD
EQS,SAVE
JSM,SAWS
OLN,SAVM
PMY,SAVY
REL,SAVT
ROY,SAWM
COR,SACO
LCM,SACC
RCU,SAOC
VDR,SAOD
AOL,SARL
CNQ,SARC
MCS,SARM
MDX,SATM
OYA,SATG
UZU,SATU
COC,SAAC
GHU,SAAG
PRA,SAAP
CLX,SATC
FMA,SARF
LLS,SATK
JUJ,SASJ
GPO,SAZG
RSA,SAZR
IRJ,SANL
AFA,SAMR
LGS,SAMM
MDZ,SAME
ELO,SATD
IGR,SARI
PSS,SARP
APZ,SAHZ
CPC,SAZY
CUT,SAZW
CVH,
HOS,SAHC
LCP,
NQN,SAZN
RDS,SAHS
BRC,SAZS
CCT,
EHL,SAVB
GNR,SAHR
IGB,SAVJ
LMD,
MQD,SAVQ
OES,SAVN
SGV,SAVS
VCF,
VDM,SAVV
ORA,SASO
SLA,SASA
TTG,SAST
UAQ,SANU
LUQ,SAOU
RLO,SAOS
VME,SAOR
CVI,
FTE,SAWA
GGS,SAWR
LHS,SAVH
PMQ,SAWP
PUD,SAWD
RGL,SAWG
RYO,SAWT
RZA,SAWU
ULA,SAWJ
CRR,SANW
NCJ,SAFS
RAF,SAFR
RCQ,SATR
ROS,SAAR
SFN,SAAV
RHD,SANR
SDE,SANE
RGA,SAWE
USH,SAWH
TUC,SANT
OFU,NSAS
PPG,NSTU
TAV,
KLU,LOWK
VIE,LOWW
LNZ,LOWL
SZG,LOWS
GRZ,LOWG
INN,LOWI
HOH,LOIH
CBR,YSCB
ABX,YMAY
ARM,YARM
BEO,YLMQ
BHQ,YBHI
BHS,YBTH
BNK,YBNA
BRK,YBKE
BWQ,YBRW
BWU,YSBK
BZD,YBRN
CAZ,YCBA
CBX,YCDO
CDU,YSCN
CES,YCNK
CFS,YCFS
CLH,YCAH
CMD,YCTM
CNB,YCNM
COJ,YCBB
CRB,YCBR
CSI,YCAS
CUG,YCUA
CWT,YCWR
CWW,YCOR
DBO,YSDU
DGE,YMDG
DNQ,YDLQ
EVH,YEVD
FLY,YFIL
FOT,YFST
FRB,YFBS
GFE,
GFF,YGTH
GFN,YGFN
GLI,YGLI
GOS,YSMB
GUH,YGDH
GUL,YGLB
HXX,YHAY
IVR,YIVL
KPS,YKMP
LBH,
LDH,YLHI
LHG,YLRD
LSY,YLIS
MIM,YMER
MRZ,YMOR
MTL,YMND
MVH,
MYA,YMRY
NAA,YNBR
NBH,YNHS
NGA,YYNG
NOA,YSNW
NRA,YNAR
NSO,YSCO
NTL,YWLM
NYN,YNYN
OAG,YORG
OOM,YCOM
PKE,YPKS
PQQ,YPMQ
RSE,
SIX,YSGT
SYD,YSSY
TCW,YTOC
TEM,YTEM
TMW,YSTW
TRO,YTRE
TUM,YTMU
TYB,YTIB
UIR,YQDI
WAU,
WEW,YWWA
WGA,YSWG
WGE,YWLG
WIO,YWCA
WLC,YWCH
WOL,YWOL
WWY,YWWL
XRH,YSRI
AMX,
ANZ,
ASP,YBAS
AVG,YAUV
AWP,
AXL,YALX
AYD,
AYL,
AYQ,YAYE
BCZ,
BOX,YBRL
BRT,YBTI
BTD,
BYX,
CDA,YCOO
CFI,YCFD
CKI,YCKI
COB,
CSD,
CTR,
DKV,YDVR
DLV,YDLV
DRW,YPDN
DVR,
DYW,
EDD,
EKD,
ELC,YELD
EVD,
FIK,YFNE
GBL,YGBI
GOV,YPGV
GPN,YGPT
GTE,YGTE
GTS,YTGT
HMG,YHMB
HOK,YHOO
HRY,YHBY
HUB,YHBR
IVW,YINW
JAB,YJAB
KBB,
KBJ,YKCA
KCS,YKCS
KFG,YKKG
KGR,
KRD,
KTR,YPTN
LEL,YLEV
LIB,
LNH,YLKN
MCV,YMHU
MFP,YMCR
MGT,YMGB
MIY,
MIZ,
MKV,YMVG
MNG,YMGD
MNV,
MNW,YMDS
MQE,YMQA
MRT,
MSF,YMNS
MTD,YMSF
MUP,YMUP
NPP,
NRY,
NUB,YNUM
PEP,
PKT,YKPT
RAM,YRNG
RDA,YRKD
RPB,YRRB
RPM,YNGU
RPV,
RRV,
SHU,YSMP
SNB,YSNB
TBK,YTBR
TCA,YTNK
TYP,YTMY
UTD,
VCD,YVRD
WAV,YWAV
WLL,YWOR
WLO,YWTL
YUE,YYND
AAB,YARY
ABG,YABI
ABH,YAPH
ABM,YNPE
AGW,
AUD,YAGD
AUU,YAUR
AXC,YAMC
AYR,YAYR
BBL,YLLE
BCI,YBAR
BCK,
BDB,YBUD
BDD,YBAU
BEU,YBIE
BFC,
BHT,
BIP,
BKP,YBAW
BKQ,YBCK
BLS,YBLL
BLT,YBTR
BMP,YBPI
BNE,YBBN
BQL,YBOU
BTX,YBEO
BUC,YBKT
BVI,YBDV
BVW,
BZP,
CBY,
CCL,YCCA
CDQ,YCRY
CFP,
CMA,YCMU
CML,YCMW
CMQ,YCMT
CNC,YCCT
CNJ,YCCY
CNS,YBCS
CQP,
CRH,
CTL,YBCV
CTN,YCKN
CUD,YCDR
CUQ,YCOE
CXT,YCHT
CZY,YUNY
DBY,YDAY
DDN,YDLT
DFP,
DHD,YDRH
DKI,YDKI
DMD,YDMG
DNB,YDBR
DRD,YDOR
DRN,YDBI
DRR,YDRI
DVP,YDPD
DXD,YDIX
DYA,YDYS
DYM,
EDR,YPMP
EIH,
EMD,YEML
ERQ,YESE
GAH,YGAY
GBP,YGAM
GGD,YGDS
GIC,YBOI
GKL,YGKL
GLG,YGLE
GLM,YGLO
GLT,YGLA
GOO,YGDI
GPD,YGON
GTT,YGTN
GVP,YGNV
GYP,YGYM
HAT,YHTL
HGD,YHUG
HID,YHID
HIG,YHHY
HIP,YHDY
HLV,
HPE,
HTI,YBHM
HVB,YHBA
IFF,YIFY
IFL,YIFL
IGH,YIGM
IKP,YIKM
INJ,YINJ
IRG,YLHR
ISA,YBMA
ISI,YISF
JCK,YJLC
JUN,YJDA
KCE,YCSV
KDS,
KGY,YKRY
KKP,YKLB
KML,YKML
KOH,YKLA
KPP,YKPR
KRB,YKMB
KSV,YSPV
KUG,YKUB
KWM,YKOW
LDC,YLIN
LFP,YLFD
LKD,YLND
LLG,YCGO
LLP,
LOA,YLOR
LRE,YLRE
LTP,YLHS
LTV,YLOV
LUT,YLRS
LUU,YLRA
LWH,YLAH
LYT,
LZR,YLZI
MBH,YMYB
MCY,YBSU
MET,YMOT
MFL,
MKY,YBMK
MLV,YMEU
MMM,YMMU
MNQ,YMTO
MOV,YMRB
MRG,YMBA
MRL,
MTQ,YMIT
MVU,YMGV
MWY,YMIR
MXD,YMWX
MYI,YMAE
NLF,YDNI
NMP,
NMR,YNAP
NSV,YNSH
NTN,YNTN
OBA,
OKB,YORC
OKR,YYKI
OKY,YBOK
ONG,YMTI
ONR,YMNK
OOL,YBCG
OOR,YMOO
OPI,YOEN
ORS,
OSO,YOSB
OXO,
OXY,YMNY
PHQ,YTMO
PMK,YPAM
PPP,YBPN
RCM,YRMD
RKY,
RLP,
RMA,YROM
ROH,YROB
ROK,YBRK
RSB,YRSB
RTP,YRTP
SBR,YSII
SCG,YSPK
SGO,YSGE
SHQ,YSPT
SNH,YSPE
SRM,
SRR,
SSP,
STF,YSTI
STH,YSMR
SVM,
SYU,YWBS
TAN,YTGA
TDR,YTDR
THG,YTNG
TQP,YTEE
TSV,YBTL
TWB,YTWB
TWN,
TWP,
TXR,
TYG,YTHY
UBB,YMAA
UDA,YUDA
ULP,YQLP
UTB,YMTB
VNR,YVRS
WAN,
WAZ,YWCK
WDI,YWND
WEI,YBWP
WIN,YWTN
WLE,YMLS
WNR,YWDH
WON,YWDL
WPK,YWMP
WSY,YSHR
WTB,YBWW
XMY,YYMI
XTG,YTGM
XTO,YTAM
XTR,YTAA
ZBL,
ZBO,YBWN
ZGL,YSGW
ADL,YPAD
ADO,YAMK
AMT,YAMT
AWN,
CCW,YCWL
CED,YCDU
CFH,
CPD,YCBP
CRJ,
CVC,YCEE
CWR,YCWI
DLK,YDLK
ERB,YERN
ETD,YEDA
GSN,YMGN
HWK,YHAW
IDK,YIDK
INM,YINN
KBY,YKBY
KGC,YKSC
KYI,YYTA
LCN,YBLC
LGH,YLEC
LOC,YLOK
MGB,YMTG
MIN,YMPA
MLR,YMCT
MNE,YMUG
MOO,YOOM
MRP,YALA
MVK,YMUK
MWT,YMWT
NAC,YNRC
NUR,YNUB
ODD,YOOD
ODL,YCOD
OLP,YOLD
ORR,YYOR
PDE,YPDI
PDN,
PEA,YPSH
PEY,
PLO,YPLC
PPI,YPIR
PUG,YPAG
PXH,YPMH
RCN,
RMK,YREN
RRE,YMRE
RTY,YMYT
TAQ,
UMR,YPWR
WUD,YWUD
WYA,YWHA
XML,YMIN
BWT,YWYY
CBI,
DPO,YDPO
FLS,YFLI
GEE,YGTO
HBA,YMHB
HLS,YSTH
KNS,YKII
LST,YMLT
LTB,
SIO,YSMI
SRN,YSRN
UEE,YQNS
ARY,YARA
AVV,YMAV
BLN,YBLA
BRJ,
BSJ,YBNS
BXG,YBDG
CYG,YCRG
ECH,YECH
GEX,YGLG
HLT,YHML
HSM,YHSM
HTU,YHPN
KRA,YKER
MBF,YPOK
MBW,YMMB
MEB,YMEN
MEL,YMML
MHU,YHOT
MQL,YMIA
OYN,YOUY
PTJ,YPOD
RBC,YROI
RBS,YORB
SHT,YSHT
SWC,YSWL
SWH,YSWH
SXE,YWSL
TGN,YLTV
WGT,YWGT
WHL,
WKB,YWKB
WMB,YWBL
XCO,YOLA
XMC,YMCO
ALH,YABA
BDW,YBDF
BEE,
BIW,
BME,YBRM
BQB,YBLN
BQW,YBGO
BUY,YBUN
BVZ,YBYS
BWB,YBWX
BXF,YBEB
BYP,YBRY
CBC,
CGV,YCAG
CIE,YCOI
CJF,YCWA
CKW,YCHK
COY,YCWY
CRY,
CUY,YCUE
CVQ,YCAR
CXQ,
DCN,YCIN
DGD,YDGA
DNG,
DNM,
DOX,YDRA
DRB,YDBY
DRY,YDRD
ENB,YEEB
EPR,YESP
EUC,YECL
EXM,YEXM
FIZ,YFTZ
FOS,YFRT
FSL,
FVL,YFLO
FVR,YFRV
GBV,YGIB
GBW,YGIA
GDD,YGDN
GET,YGEL
GLY,
GSC,YGSC
GYL,YARG
HCQ,YHLC
HLL,YHIL
JAD,YPJT
JUR,YJNB
KAX,YKBR
KBD,
KDB,YKBL
KFE,YFDF
KGI,YPKG
KNI,YKNG
KNX,YPKU
KQR,YKAR
KTA,YPKA
KYF,YYLR
LDW,
LEA,YPLM
LER,YLST
LGE,
LLL,
LNO,YLEO
LVO,YLTN
MBB,YMBL
MBN,
MGV,YMGR
MHO,YMHO
MIH,YMIP
MJK,YSHK
MJP,YMJM
MKR,YMEK
MMG,YMOG
MQA,YMDI
MQZ,YMGT
MUQ,YMUC
MWB,YMRW
MXU,YMWA
MYO,YMYR
NDS,YSAN
NIF,YCNF
NKB,
NLL,YNUL
NLS,
NRG,YNRG
NSM,YNSM
OCM,YBGD
ODR,YORV
ONS,YOLW
PBO,YPBO
PER,YPPH
PHE,YPPD
PRD,YPDO
RBU,YROE
RHL,YRYH
RTS,YRTI
RVT,YNRV
SGP,YSHG
SLJ,YSOL
SQC,YSCR
SSK,
SWB,
TBL,YTAB
TDN,YTHD
TEF,YTEF
TKY,YTKY
TPR,YTMP
TTX,YTST
UBU,YKAL
USL,YUSL
WIT,YWIT
WLA,YWAL
WLP,YANG
WME,YMNE
WND,
WRN,YWDG
WRW,YWWG
WUI,YMMI
WUN,YWLU
WWI,YWWI
WYN,YWYM
YLG,YYAL
YNN,
ZNE,YNWN
ZVG,
AUA,TNCA
GYD,UBBB
KVD,UBBG
LLK,UBBL
NAJ,UBBN
GBB,UBBQ
YLV,UBEE
ZTU,UBBY
OMO,LQMO
SJJ,LQSA
TZL,LQTZ
BNX,LQBK
BGI,TBPB
BZL,VGBR
CGP,VGEG
CLA,VGCM
CXB,VGCB
DAC,VGHS
JSR,VGJR
IRD,VGIS
RJH,VGRJ
SPD,VGSD
TKR,VGSG
ZHM,VGSH
ZYL,VGSY
ANR,EBAW
OBL,EBZR
BRU,EBBR
CRL,EBCI
LGG,EBLG
KJK,EBKT
OST,EBOS
XDE,DFOU
TEG,DFET
XZA,DFEZ
BNR,DFOB
XBG,DFEB
FNG,DFEF
BOY,DFOO
OUA,DFFD
XPA,DFEP
XNU,DFON
DGU,DFOD
PUP,DFCP
XBO,DFEA
TMQ,DFEM
XGG,DFEG
XGA,DFOG
XKY,DFCA
DOR,DFEE
XLU,DFCL
XAR,DFOY
XDJ,DFCJ
TUQ,DFOT
ARL,DFER
DIP,DFED
XKA,DFEL
XSE,DFES
OUG,DFCC
BOJ,LBBG
HKV,LBHS
PDV,LBPD
ROU,LBRS
SLS,LBSS
SOF,LBSF
SZR,LBSZ
TGV,LBTG
VAR,LBWN
GOZ,LBGO
JAM,
BAH,OBBI
BJM,HBBA
GID,HBBE
KRE,HBBO
KDC,DBBK
NAE,DBBN
PKO,DBBP
SVF,DBBS
DJA,DBBD
COO,DBBB
SBH,TFFJ
BDA,TXKF
BWN,WBSB
MHW,SLAG
SRE,SLSU
SRJ,SLSB
CBB,SLCB
CCA,SLHI
BVK,SLHJ
BVL,SLBU
GYA,SLGY
MGD,SLMG
RBQ,SLRQ
REY,SLRY
RIB,SLRI
SBL,SLSA
SJB,SLJO
SNM,SLSM
SRB,SLSR
SRD,SLRA
TDD,SLTR
APB,SLAP
LPB,SLLP
ORU,SLOR
CIJ,SLCO
PUR,SLPR
POI,SLPO
UYU,SLUY
ASC,SLAS
CAM,SLCA
CEP,SLCP
MQK,SLTI
PSZ,SLPS
RBO,SLRB
SJS,SLJE
SJV,SLJV
SNG,SLSI
SRZ,SLET
VAH,SLVG
VVI,SLVR
BJO,SLBJ
BYC,SLYA
TJA,SLTJ
VLM,SLVM
BON,TNCB
SAB,TNCS
EUX,TNCE
CZS,SBCZ
FEJ,SNOU
RBR,SBRB
TRQ,SBTK
ZMD,SWSN
APQ,SNAL
MCZ,SBMO
MCP,SBMQ
OYK,SBOI
BAZ,SWBC
BCR,SWNK
CAF,SWCA
CIZ,SWKO
ERN,SWEI
FBA,SWOB
HUW,SWHT
IPG,SWII
IRZ,SWTP
ITA,SBIC
LBR,SWLB
MAO,SBEG
MBZ,SWMW
MNX,SBMY
NVP,SWNA
OLC,SDCG
PIN,SWPI
PLL,SBMN
RBB,SWBR
SJL,SBUA
TBT,SBTT
TFF,SBTF
BMS,SNBU
BPS,SBPS
BQQ,SNBX
BRA,SNBR
BVM,SNBL
CNV,SNED
CRQ,SBCV
FEC,SNJD
GNM,SNGI
IOS,SBIL
IPU,SNIU
IRE,SNIC
ITE,SNZW
ITN,SNHA
JCM,SNJB
JEQ,SNJK
LAZ,SBLP
LEC,SBLE
MVS,SNMU
PAV,SBUF
PDF,SNRD
SSA,SBSV
TXF,SNTF
UNA,SBTC
VAL,SNVB
VDC,SBQV
ARX,SBAC
CMC,SNWC
FOR,SBFZ
JDO,SBJU
JJD,SBJE
BSB,SBBR
CDI,SNKI
GUZ,SNGA
SBJ,SNMX
VIX,SBVT
APS,SWNS
ARS,SWEC
CLV,SBCN
GYN,SBGO
ITR,SBIT
JTI,SWJW
MQH,SBMC
NQL,SWNQ
RVD,SWLC
SQM,SWUA
TLZ,SWKT
APY,SNAI
BDC,SNBC
BRB,SBRR
BSS,SNBS
CLN,SBCI
CPU,
CTP,SNCP
GMS,SNGM
IMP,SBIZ
PDR,
PHI,SNYE
SLZ,SBSL
BYO,SBDB
CGR,SBCG
CMG,SBCR
CSS,SSCL
DOU,SSDO
PBB,SSPN
PMG,SBPP
TJL,SBTG
AFL,SBAT
AIR,SSOU
AZL,SWTU
BPG,SBBW
CCX,SWKC
CFO,
CGB,SBCY
CQA,SWEK
DMT,SWDM
GGB,SWHP
JIA,SWJN
JRN,SWJU
JUA,SIZX
LCB,
LVR,SILC
MBK,SWXM
MTG,SWVB
NOK,SWXV
OPS,SWSI
OTT,
PBV,SWPG
PBX,SWPQ
ROO,SWRD
STZ,SWST
SWM,
SXO,SWFX
TGQ,SWTS
VLP,SWVC
AAX,SBAX
AMJ,SNAR
DIQ,SNDV
DTI,SNDT
ESI,
GVR,SBGV
IPN,SBIP
ITI,
IZA,SBZM
JDF,SBJF
JDR,SNJR
JNA,SNJN
LEP,SNDN
MOC,SBMK
NNU,SNNU
PIV,SNPX
POJ,SNPD
POO,SBPC
PPY,SNZA
PSW,SNOS
SSO,SNLO
TFL,SNTO
UBA,SBUR
UDI,SBUL
VAG,SBVG
ALT,
ATM,SBHT
BEL,SBBE
BVS,SNVS
CDJ,SBAA
CKS,SBCJ
CMP,SNKE
CMT,
GGF,SNYA
ITB,SBIH
JCR,SBEK
MAB,SBMA
MEU,SBMD
MTE,SNMA
NPR,SJNP
OBI,SNTI
OIA,SDOW
ORX,SNOX
PTQ,SNMZ
RDC,SNDC
SFK,SNSW
STM,SBSN
SXX,SNFX
TMT,SBTB
TUZ,
XIG,
CPV,SBKG
JPA,SBJP
AAG,SSYA
APU,SSAP
APX,SSOG
BFH,SBBI
CAC,SBCA
CBW,SSKM
CKO,SSCP
CWB,SBCT
FBE,SSFB
GGH,SSCT
GGJ,SSGY
GPB,SBGU
IGU,SBFI
LDB,SBLO
MGF,SBMG
PGZ,SSZW
PNG,SSPG
PTO,SSPB
PVI,SSPI
TEC,SBTL
TOW,SBTD
TUR,SBTU
UMU,SSUM
CAU,SNRU
FEN,SBFN
PNZ,SBPL
REC,SBRF
FLB,SNQG
GDP,SNGD
PCS,SNPC
PHB,SBPB
THE,SBTE
MVF,SBMS
NAT,SBNT
ALQ,SSLT
BGV,
BGX,SBBG
CEL,SSCN
CSU,SSSC
CTQ,SSVP
CXJ,SBCX
CZB,
ERM,SSER
GEL,SBNM
HRZ,SSHZ
IJU,SSIJ
ITQ,SSIQ
LVB,SNLB
PET,SBPK
PFB,SBPF
POA,SBPA
RIA,SBSM
RIG,SBRG
SQY,SSRU
SRA,SSZR
TSQ,SBTR
URG,SBUG
BZC,SBBZ
CAW,SBCP
CFB,SBCB
ITP,SDUN
MEA,SBME
REZ,SDRS
AQM,
BVH,SBVH
CQS,SWCQ
GJM,SBGM
JPR,SWJI
OAL,SSKW
PBQ,SWPM
PVH,SBPV
BVB,SBBV
AXE,
BNU,SSBL
CCI,SSCK
CCM,SBCM
CFC,SBCD
FLN,SBFL
JCB,SSJA
JJG,SBJA
JOI,SBJV
LAJ,SBLJ
LOI,SSLN
NVT,SBNF
SQX,SSOE
UVI,SSUV
VIA,SSVI
XAP,SBCH
AIF,SBAS
AQA,SBAQ
ARU,SBAU
BAT,SBBT
BAU,SBBU
BJP,SBBP
CPQ,SDAM
FRC,SIMK
GUJ,SBGW
JLS,SDJL
JTC,SBAE
LIP,SBLN
MII,SBML
OUS,SDOU
PPB,SBDN
QSC,SDSC
RAO,SBRP
SFV,
SJK,SBSJ
SJP,SBSR
SOD,SDCO
SSZ,SBST
UBT,SDUB
URB,SBUP
VOT,SDVG
AJU,SBAR
AAI,SWRA
AUX,SWGN
DNO,SWDN
GRP,SWGI
IDO,SWIY
NTM,
PMW,SBPJ
PNB,SBPN
AXP,MYAP
GHC,MYBG
BIM,MYBS
NSB,
TBI,MYCB
ASD,MYAF
CCZ,MYBC
MAY,MYAB
SAQ,MYAN
CXY,MYCC
WKR,MYAW
FPO,MYGF
GGT,MYEF
NMC,MYEN
TYM,MYES
ELH,MYEH
MHH,MYAM
TCB,MYAT
IGA,MYIG
CRI,MYCI
DCT,MYRD
LGI,MYLD
PWN,MYCP
SML,MYLS
MYG,MYMM
NAS,MYNN
RCY,MYRP
ZSA,MYSM
TZN,MYAK
ATC,MYCA
GHB,MYEM
RSD,MYER
WTD,MYGW
BUT,VQBT
PBH,VQPR
GLU,VQGP
YON,VQTY
ORP,FBOR
PKW,FBSP
SXN,FBSN
TLD,FBTL
BBK,FBKE
GNZ,FBGZ
HUK,
TBY,FBTS
FRW,FBFT
KHW,FBKR
MUB,FBMN
SVT,FBSV
SWX,FBSW
GBE,FBSK
LOQ,FBLO
JWA,FBJW
BQT,UMBB
GME,UMGG
GNA,UMMG
MVQ,UMOO
MHP,UMMM
MSQ,UMMS
VTB,UMII
BZE,MZBZ
CUK,
CYC,
SPR,
TZA,
BCV,
CYD,
MZE,
SQS,
CZH,
SJX,
ORZ,
BGK,
DGA,
INB,
MDB,
PLJ,MZPL
SVK,
PND,
HZP,CYNR
JHL,
NML,
TIL,
WPC,CZPC
YBA,CYBA
YBY,CYBF
YCT,CYCT
YDC,
YEG,CYEG
YET,CYET
YFI,
YGC,
YJA,CYJA
YJP,
YLB,CYLB
YLL,CYLL
YMM,CYMM
YOD,CYOD
YOE,
YOJ,CYOJ
YOP,CYOP
YPE,CYPE
YPY,CYPY
YQF,CYQF
YQL,CYQL
YQU,CYQU
YRM,CYRM
YSD,CYSD
YVG,CYVG
YXH,CYXH
YYC,CYYC
YYM,CYYM
YZH,CYZH
YZU,CYZU
ZFW,
ZHP,CZHP
CFQ,
CJH,
CXH,CYHC
DGF,
DUQ,
QBC,CYBD
SYF,
TUX,
WPL,
XBB,
XQU,
YAA,
YAJ,
YAL,CYAL
YAQ,
YAV,
YAZ,CYAZ
YBF,
YBH,CYBH
YBL,CYBL
YBO,
YBQ,
YBW,
YCA,
YCD,CYCD
YCF,
YCG,CYCG
YCQ,CYCQ
YCW,CYCW
YCZ,CYCZ
YDL,CYDL
YDQ,CYDQ
YDT,CZBB
YGB,CYGB
YGE,
YGG,
YGN,
YHC,
YHE,CYHE
YHH,
YHS,
YIG,
YKA,CYKA
YKK,
YKT,
YLW,CYLW
YLY,CYNJ
YMB,
YMF,
YMP,
YMU,
YNH,CYNH
YPB,
YPI,
YPR,CYPR
YPT,
YPW,CYPW
YPZ,CYPZ
YQJ,
YQQ,CYQQ
YQZ,CYQZ
YRC,
YRD,
YRN,
YRR,
YRV,CYRV
YSE,CYSE
YSN,CZAM
YSX,
YTB,
YTG,
YTP,
YTU,
YTX,
YVE,CYVK
YVR,CYVR
YWH,CYWH
YWL,CYWL
YWS,
YXC,CYXC
YXJ,CYXJ
YXS,CYXS
YXT,CYXT
YXX,CYXX
YYD,CYYD
YYE,CYYE
YYF,CYYF
YYJ,CYYJ
YZA,
YZP,CYZP
YZT,CYZT
YZZ,
ZAA,
ZEL,CBBC
ZGF,CZGF
ZMH,CZML
ZMT,CZMT
ZNA,
ZNU,
ZOF,
ZQS,
ZST,CZST
ZSW,CZSW
ZTS,
ILF,CZBD
KES,CZEE
LRQ,
PIW,CZMN
XGL,
XLB,CZWH
XPK,CZFG
XPP,CZNG
XSI,CZSN
XTL,CYBQ
YAD,
YBR,CYBR
YBT,CYBT
YBV,CYBV
YCR,CYCR
YDN,CYDN
YDV,CZTA
YFO,CYFO
YGM,CYGM
YGO,CYGO
YGX,CYGX
YIV,CYIV
YKE,
YLR,CYLR
YNE,CYNE
YOH,CYOH
YPG,CYPG
YQD,CYQD
YRS,CYRS
YST,CYST
YTD,CZLQ
YTH,CYTH
YWG,CYWG
YYI,CYYI
YYL,CYYL
YYQ,CYYQ
ZAC,CZAC
ZGI,CZGI
ZGR,CZGR
ZJG,CZJG
ZJN,CZJN
ZTM,CZTM
YCH,CYCH
YCL,CYCL
YFC,CYFC
YQM,CYQM
YSJ,CYSJ
YSL,CYSL
ZBF,CZBF
YAY,CYAY
YBI,
YDE,
YDF,CYDF
YDP,CYDP
YFX,
YHA,
YHO,CYHO
YJT,CYJT
YMH,CYMH
YMN,CYFT
YNP,
YQX,CYQX
YRF,CYCA
YRG,
YSO,
YWK,CYWK
YWM,
YYR,CYYR
YYT,CYYT
ZUM,CZUM
DAS,
DVK,
GHK,
GSL,
LAK,CYKD
TNS,
YCK,CYVL
YDU,
YDW,
YEV,CYEV
YFJ,CYWE
YFL,
YFR,CYFR
YFS,CYFS
YGH,CYGH
YHI,CYHI
YHY,CYHY
YJF,CYJF
YLE,
YMD,CYMD
YNX,
YOA,CYOA
YPC,CYPC
YRA,CYRA
YSG,CYLK
YSM,CYSM
YSY,CYSY
YUB,CYUB
YVQ,CYVQ
YWJ,CYWJ
YWY,CYWY
YZF,CYZF
ZFM,CZFM
ZFN,CZFN
YDG,CYID
YHZ,CYHZ
YPS,CYPD
YQI,CYQI
YQY,CYQY
YSA,
YZX,CYZX
JOJ,
UZM,
YAB,CYAB
YBB,CYBB
YBK,CYBK
YCB,CYCB
YCO,CYCO
YCS,CYCS
YCY,CYCY
YEK,CYEK
YEU,CYEU
YFB,CYFB
YGT,CYGT
YGZ,CYGZ
YHK,CYHK
YIO,CYIO
YLC,CYLC
YLT,CYLT
YMV,
YRB,CYRB
YRT,CYRT
YSK,CYSK
YTE,CYTE
YUT,CYUT
YUX,CYUX
YVM,CYVM
YVN,CYVN
YXN,CYXN
YXP,CYXP
YYH,CYYH
YZS,CYZS
KEW,
KIF,
MSA,CZMD
SUR,
WNN,
XBE,
XBR,
XCM,CYCK
XKS,CYAQ
YAC,CYAC
YAG,CYAG
YAM,CYAM
YAT,CYAT
YAX,
YBS,
YCC,CYCC
YCE,CYCE
YCM,CYSN
YCN,CYCN
YEB,
YEL,CYEL
YEM,CYEM
YER,CYER
YFA,CYFA
YFH,CYFH
YGK,CYGK
YGQ,CYGQ
YHD,CYHD
YHF,CYHF
YHM,CYHM
YHN,CYHN
YHP,CYHP
YIB,CYIB
YKD,CYKM
YKF,CYKF
YKX,CYKX
YLD,CYLD
YLH,CYLH
YLK,CYLS
YMG,CYMG
YMO,CYMO
YNO,
YOG,CYKP
YOO,CYOO
YOS,CYOS
YOW,CYOW
YPD,
YPL,CYPL
YPM,CYPM
YPO,CYPO
YPQ,CYPQ
YQA,CYQA
YQG,CYQG
YQK,CYQK
YQN,CYQN
YQS,CYQS
YQT,CYQT
YRL,CYRL
YRO,CYRO
YSB,CYSB
YSH,CYSH
YSI,
YSP,CYSP
YTA,CYTA
YTL,CYTL
YTR,CYTR
YTS,CYTS
YTZ,CYTZ
YVV,CYVV
YVZ,CYVZ
YWA,CYWA
YWP,CYWP
YWR,
YXL,CYXL
YXR,CYXR
YXU,CYXU
YXZ,CYXZ
YYB,CYYB
YYU,CYYU
YYW,CYYW
YYZ,CYYZ
YZE,CYZE
YZR,CYZR
ZKE,CZKE
ZPB,CZPB
ZRJ,CZRJ
ZSJ,CZSJ
ZUC,CZUC
YSU,CYSU
YYG,CYYG
AKV,CYKO
SSQ,
XGR,CYLU
YAH,CYAH
YAR,CYAD
YAU,
YBC,CYBC
YBG,CYBG
YBJ,
YBX,CYBX
YDO,CYDO
YEY,CYEY
YFE,CYFE
YFG,
YGL,CYGL
YGP,CYGP
YGR,CYGR
YGV,CYGV
YGW,CYGW
YHR,CYHR
YIF,CYIF
YIK,CYIK
YJN,CYJN
YKG,CYAS
YKL,CYKL
YKQ,CYKQ
YKU,
YLP,CYLP
YLQ,CYLQ
YLS,
YME,CYME
YML,CYML
YMT,CYMT
YMW,CYMW
YMX,CYMX
YNA,CYNA
YNC,CYNC
YND,CYND
YNM,CYNM
YNS,CYHH
YOI,
YPH,CYPH
YPJ,CYLA
YPN,CYPN
YPX,CYPX
YQB,CYQB
YQC,CYHA
YRI,CYRI
YRJ,CYRJ
YRQ,CYRQ
YSC,CYSC
YTF,CYTF
YTM,CYFJ
YTQ,CYTQ
YUD,CYMU
YUL,CYUL
YUY,CYUY
YVB,CYVB
YVO,CYVO
YVP,CYVP
YWB,CYKG
YWQ,
YXK,CYXK
YYY,CYYY
YZG,CYZG
YZV,CYZV
ZBM,CZBM
ZEM,CZEM
ZGS,
ZKG,
ZLT,
ZTB,
XCL,
YBE,CYBE
YDJ,
YEN,CYEN
YHB,CYHB
YKC,CYKC
YKJ,CYKJ
YKY,CYKY
YLJ,CYLJ
YMJ,CYMJ
YNL,CYNL
YPA,CYPA
YQR,CYQR
YQV,CYQV
YQW,CYQW
YSF,CYSF
YTT,
YVC,CYVC
YVT,CYVT
YXE,CYXE
YYN,CYYN
ZFD,CZFD
ZPO,CZPO
ZWL,CZWL
XMP,
XRR,CYDM
YDA,CYDA
YDB,CYDB
YHT,CYHT
YLM,
YMA,CYMA
YOC,CYOC
YQH,CYQH
YXQ,CYXQ
YXY,CYXY
YZW,CYZW
ZFA,CZFA
CCK,YPCC
BZU,FZKJ
BDT,FZFD
BSU,FZEN
MDK,FZEA
FBM,FZQA
KAP,FZSK
KEC,FZQG
KIL,
KNM,FZTK
PWO,FZQC
BUX,FZKA
GDJ,FZWC
KBN,FZWT
LBO,FZVI
LJA,FZVA
MJM,FZWA
BAN,FZVR
KGA,FZUA
LZA,FZUG
MEW,FZVM
PFR,FZVS
TSH,FZUK
FIH,FZAA
NLO,FZAB
BOA,FZAJ
LZI,FZAL
MAT,FZAM
MNB,FZAG
NKL,FZAR
KWZ,FZQM
FDU,FZBO
IDF,FZCB
INO,FZBA
KGN,FZOK
KKW,FZCA
KRZ,FZBT
LUS,FZCE
MSM,FZCV
NIO,FZBI
KLY,FZOC
KND,FZOA
PUN,FZOP
BMB,FZFU
LIQ,FZGA
BNC,FZNP
GOM,FZNA
IRP,FZJH
RUE,
KLI,FZFP
IKL,FZGV
BKY,FZMA
GMA,FZFK
LIE,FZFA
BDV,FZRB
FMI,FZRF
KBO,FZRM
KOO,FZRQ
MNO,FZRA
FKI,FZIC
YAN,FZIR
BNB,FZGN
GDA,
KOL,
NDL,FEFN
BGF,FEFF
IMO,FEFZ
MKI,FEGE
AIG,FEFY
BIV,FEFR
KWD,
ODA,FEFW
BBT,FEFT
CRF,FEFC
BGU,FEFG
BMF,FEGM
RFA,FEGR
BOP,FEFO
BBY,FEFM
BCF,FEGU
BSN,FEFS
BTG,FEGF
BOZ,FEGZ
GDI,
IRO,FEFI
ODJ,FEGO
MUY,FCBM
NKY,FCBY
ANJ,FCBZ
BZV,FCBB
BOE,FCOB
FTX,FCOO
MKJ,FCOM
OKG,
OLL,
EWO,FCOE
KEE,FCOK
SIB,FCBS
BTB,FCOT
ION,FCOI
DIS,FCPL
KMK,FCPA
MSX,FCMM
DJM,FCBD
GMM,FCOG
LCO,FCBL
LKC,
PNR,FCPP
KNJ,FCBK
EPN,
OUE,FCOU
SOE,FCOS
BRN,LSZB
GVA,LSGG
SMV,LSZS
EML,LSME
BXO,LSZC
ACH,LSZR
LUG,LSZA
SIR,LSGS
ZRH,LSZH
ABJ,DIAP
OFI,DIOF
BBV,DIGN
SPY,DISP
TXU,DITB
ZSS,DISS
ABO,DIAO
OGO,DIAU
KEO,DIOD
DIV,DIDV
GGN,DIGA
DIM,DIDK
GGO,DIGL
MJC,DIMN
DJO,DIDL
BXI,DIBI
FEK,DIFK
HGO,DIKO
BYK,DIBK
KTC,
SEO,DISG
TOZ,DITM
ASK,DIYO
BDK,DIBU
BQO,DIBN
AIT,NCAI
AIU,NCAT
MGS,NCMG
MHX,NCMH
MOI,NCMR
MUK,NCMK
PYE,NCPY
PZK,NCPK
RAR,NCRG
BBA,SCBA
CCH,SCCC
GXQ,SCCY
LGR,SCHR
WPA,SCAS
ANF,SCFA
CJC,SCCF
TOQ,SCBE
TTC,SCTT
ARI,SCAR
CNR,SCRA
CPO,SCAT
ESR,SCES
VLR,SCLL
CCP,SCIE
LSQ,SCGE
YAI,SCCH
COW,SCQB
LSC,SCSE
OVL,SCOV
PZS,SCTC
ZCO,SCQP
ZIC,SCTO
ZPC,SCPC
FFU,SCFT
FRT,SCFR
MHC,SCPQ
PMC,SCTE
PUX,SCPV
WAP,SCAP
WCA,SCST
WCH,SCTN
ZOS,SCJO
ZUD,SCAC
ZAL,SCVD
PNT,SCNT
PUQ,SCCI
SMB,SCSB
WPR,SCFM
WPU,SCGZ
TLX,SCTL
SCL,SCEL
CPP,SCKP
IQQ,SCDA
IPC,SCIP
KNA,SCVM
LOB,SCAN
VAP,SCRD
NGE,FKKN
NSI,FKYS
YAO,FKKY
BTA,FKKO
OUR,FKKI
GXX,FKKJ
KLE,FKKH
MVR,FKKL
DLA,FKKD
NKS,FKAN
GOU,FKKR
BLC,FKKG
BPC,FKKV
BFX,FKKU
DSC,FKKS
FOM,FKKM
EBW,FKKW
KBI,FKKB
MMF,FKKF
TKC,FKKC
AQG,ZSAQ
BFU,ZSBB
FUG,ZSFY
HFE,ZSOF
JUH,
TXN,ZSTX
WHA,ZSWA
PEK,ZBAA
CQW,ZUWL
WSK,ZUWS
CKG,ZUCK
DZU,ZUDZ
JIQ,ZUQJ
LIA,ZULP
WXN,ZUWX
FOC,ZSFZ
JJN,ZSQZ
LCX,ZSLO
SQJ,ZSSM
WUS,ZSWY
XMN,ZSAM
DNH,ZLDH
GXH,ZLXH
IQN,ZLQY
JGN,ZLJQ
JIC,ZLJC
LHW,ZLLL
LNL,ZLLN
THQ,ZLTS
YZY,ZLZY
CAN,ZGGG
FUO,ZGFS
HSC,
HUZ,ZGHZ
MXZ,ZGMX
SWA,ZGOW
SZX,ZGSZ
XIN,ZGXN
ZHA,ZGZJ
ZUH,ZGSD
AEB,ZGBS
BHY,ZGBH
HCJ,ZGHC
KWL,ZGKL
LZH,ZGZH
NNG,ZGNN
WUZ,ZGWZ
ACX,ZUYI
AVA,ZUAS
BFJ,ZUBJ
HZH,ZUNP
KJH,
KWE,ZUGY
LLB,ZULB
LPF,ZUPS
TEN,ZUTR
WMT,ZUMT
ZYI,ZUZY
BAR,
HAK,ZJHK
SYX,ZJSY
BPE,ZBDH
CDE,ZBCD
HDG,ZBHD
SJW,ZBSJ
TVS,ZBTS
XNT,ZBXT
ZQZ,ZBZJ
DQA,ZYDQ
DTU,
FYJ,ZYFY
HEK,ZYHE
HRB,ZYHB
JGD,ZYJD
JMU,ZYJM
JSJ,ZYJS
JXA,ZYJX
LDS,ZYLD
MDG,ZYMD
NDG,ZYQQ
OHE,ZYMH
YLN,ZYYL
XAI,ZHXY
AYN,ZHAY
CGO,ZHCC
HSJ,
LYA,ZHLY
NNY,ZHNY
EHU,ZHEC
ENH,ZHES
HPG,ZHSN
LHK,ZHGH
SHS,ZHSS
WDS,ZHSY
WUH,ZHHH
XFN,ZHXF
YIH,ZHYC
HCZ,ZGCZ
YYA,ZGYY
CGD,ZGCD
CSX,ZGHA
DYG,ZGDY
HJJ,ZGCJ
HNY,ZGHY
LLF,ZGLG
WGN,ZGSY
CZX,ZSCG
HIA,ZSSH
LYG,ZSLG
NKG,ZSNJ
NTG,ZSNT
RUG,ZSRG
SZV,ZSSZ
WUX,ZSWX
XUZ,ZSXZ
YNZ,ZSYN
YTY,ZSYA
JDZ,ZSJD
JGS,ZSJA
JIU,ZSJJ
KHN,ZSCN
KOW,ZSGZ
SQD,ZSSR
YIC,ZSYC
CGQ,ZYCC
DBC,ZYBA
JIL,ZYJL
NBS,ZYBS
TNH,ZYTN
YNJ,ZYYJ
YSQ,ZYSQ
AOG,ZYAS
CHG,ZYCY
CNI,ZYCH
DDG,ZYDD
DLC,ZYTL
JNZ,ZYJZ
SHE,ZYTX
XEN,ZYXC
YKH,ZYYK
AEQ,
AXF,
BAV,ZBOW
CIF,ZBCF
DSN,ZBDS
EJN,
ERL,ZBER
HET,ZBHH
HLD,ZBLA
HLH,ZBUL
HUO,ZBHZ
NZH,ZBMZ
NZL,
RHT,
RLK,ZBYZ
TGO,ZBTL
UCB,
WUA,ZBUH
WZQ,
XIL,ZBXH
YIE,ZBES
GYU,ZLGY
INC,ZLIC
ZHY,ZLZW
HBQ,ZLHB
GMQ,ZLGL
GOQ,ZLGM
HTT,
HXD,ZLDL
XNN,ZLXN
YUS,ZLYS
AKA,ZLAK
CIH,ZBCZ
DAT,ZBDT
ENY,ZLYA
HZG,ZLHZ
LFQ,
LLV,ZBLL
SIA,ZLSN
TYN,ZBYN
UYN,ZLYL
WUT,ZBXZ
XIY,ZLXY
HZA,ZSHZ
DOY,ZSDY
JNG,ZLJN
LYI,ZSLY
PNJ,
RIZ,
TAO,ZSQD
TNA,ZSJN
WEF,ZSWF
WEH,ZSWH
YNT,ZSYT
PVG,ZSPD
SHA,ZSSS
YCU,ZBYC
DZH,ZUDA
AHJ,ZUHY
BZX,
CTU,ZUUU
DAX,ZUDX
DCY,ZUDC
GHN,ZUGH
GYS,ZUGU
JZH,ZUJZ
KGT,ZUKD
LZO,ZULZ
MIG,ZUMY
NAO,ZUNC
PZI,ZUZH
TFU,ZUTF
XIC,ZUXC
YBP,ZUYB
TSN,ZBTJ
AAT,ZWAT
AKU,ZWAK
BPL,ZWBL
FYN,ZWFY
HMI,ZWHM
HTN,ZWTN
IQM,ZWCM
KCA,ZWKC
KHG,ZWSH
KJI,ZWKN
KRL,ZWKL
KRY,ZWKM
NLT,ZWNL
QSZ,
RQA,ZWRQ
SHF,ZWHZ
SXJ,ZWSS
TCG,ZWTC
TLQ,ZWTL
URC,ZWWW
YIN,ZWYN
BPX,ZUBD
LXA,ZULS
LZY,ZUNZ
NGQ,ZUAL
RKZ,ZURK
BSD,ZPBS
CWJ,ZPCW
DIG,ZPDQ
DLU,ZPDL
JHG,ZPJH
JMJ,ZPJM
KMG,ZPPP
LJG,ZPLJ
LNJ,ZPLC
LUM,ZPMS
NLH,
SYM,ZPSM
TCZ,ZUTC
WNH,ZPWS
YUA,ZPYM
ZAT,ZPZT
HGH,ZSHC
HSN,ZSZS
HYN,ZSLQ
JUZ,ZSJU
NGB,ZSNB
WNZ,ZSWZ
YIW,ZSYW
ACM,
AYC,
ECO,
LCR,
LET,SKLT
LPD,SKLP
SSD,SCSF
TCD,SKRA
ADN,SKAN
AFI,SKAM
APO,SKLC
ARO,
CAQ,SKCU
EBG,SKEB
EOH,SKMD
IGO,SKIG
MDE,SKRG
NAR,SKPN
NCI,SKNC
NPU,
OTU,SKOT
PBE,SKPR
SJR,
SMC,
TRB,SKTU
ULS,
UNC,
URR,SKUR
ARQ,SKAT
AUC,SKUC
RAV,SKCN
RVE,SKSA
TME,SKTM
BAQ,SKBQ
CTG,SKCG
MGN,SKMG
MMP,SKMP
GCA,
MOY,
PYA,SKVL
RON,SKPA
SJG,
SOX,SKSO
TAU,SKTA
MZL,SKMZ
ACR,SKAC
AYG,SKYA
CQT,
CUI,
FLA,SKFL
SVI,SKSV
TQS,SKTQ
EYP,SKYP
HTZ,SKHC
NUH,
ORC,SKOE
PRE,
PZA,SKPZ
SQE,
TDA,SKTD
TTM,
GPI,SKGP
LMX,
PPN,SKPP
TBD,SKMB
DZI,
GRA,
HAY,SKAG
VUP,SKVP
ACD,SKAD
BHF,SKCP
BSC,SKBS
COG,SKCD
CPB,SKCA
GGL,
JUO,SKJU
NQU,SKNQ
UIB,SKUI
AYA,
LRI,
MTB,SKML
MTR,SKMR
PLC,
SCA,
EUO,
HRR,
MND,
PAL,SKPQ
BOG,SKBO
MHF,
NAD,
NBB,SKBM
PDA,SKPD
AYI,
MFS,SKMF
SJE,SKSJ
CJD,
NVA,SKNV
PCC,
PTX,SKPI
SRO,
MCJ,SKLM
RCH,SKRH
SJH,
ELB,SKBC
IVO,
PLT,SKPL
SMR,SKSM
API,SKAP
BAC,
CCO,SKCI
ELJ,SVWX
GAA,
GMC,
LMC,SKNA
URI,SKUB
VVC,SKVV
ECR,SKEH
IPI,SKIP
ISD,
MQR,
PSO,SKPS
PYN,
TCO,SKCO
CUC,SKCC
OCV,SKOC
TIB,SKTB
LQM,SKLG
PUU,SKAS
VGZ,SKVG
AXM,SKAR
PEI,SKPE
ADZ,SKSP
PVA,SKPV
AZT,
BGA,SKBG
CIM,SKCM
EJA,SKEJ
SNT,SKRU
CVE,SKCV
CZU,SKCZ
SRS,
TLU,SKTL
CPL,SKHA
GIR,SKGI
IBE,SKIB
MQU,SKQU
PLA,
ACL,
BUN,SKBU
CLO,SKCL
CRC,SKGO
ULQ,SKUL
ARF,
CUO,SKCR
MFB,
MIX,
MVP,SKMU
VAB,
CSR,
LGT,SKGA
LPE,SKIM
PCR,SKPC
SSL,SKSL
FON,MRAN
LSL,MRLC
RFR,MRRF
SJO,MROC
UPL,MRUP
CSC,MRMJ
LIR,MRLB
NCT,MRNC
NOB,MRNS
PBP,MRIA
PLD,MRCR
TNO,MRTM
BCL,MRBC
GPL,MRGP
LIO,MRLM
TTQ,MRBT
BAI,MRBA
DRK,MRDK
GLF,MRGF
JAP,MRCH
OTR,MRCC
PJM,MRPJ
PMZ,MRPM
TMU,MRTR
TOO,MRSV
XQP,MRQP
IPZ,MRSI
SYQ,MRPV
UPB,MUPB
CMW,MUCM
AVI,MUCA
CCC,MUCC
CFG,MUCF
BYM,MUBY
MZO,MUMZ
BCA,MUBA
GAO,MUGT
NBW,MUGM
UMA,
HOG,MUHG
MOA,MUMO
CYO,MUCL
GER,MUNG
SZJ,MUSN
HAV,MUHA
VTU,MUVT
VRA,MUVR
VRO,MUKW
LCL,MULM
SNJ,MUSJ
TND,MUTD
USS,MUSS
SCU,MUCU
BWW,MUBR
SNU,MUSC
BVC,GVBA
BVR,GVBR
MMO,GVMA
RAI,GVNP
NTO,GVAN
SNE,GVSN
SID,GVAC
MTI,GVMT
SFL,GVSF
VXE,GVSV
CUR,TNCC
XCH,YPXM
GEC,LCGK
LCA,LCLK
ECN,LCEN
AKT,LCRA
PFO,LCPH
JCL,LKCS
BRQ,LKTB
KLV,LKKV
MKA,LKMR
OSR,LKMT
ZBE,LKZA
OLO,LKOL
PRV,LKPO
PED,LKPD
PRG,LKPR
VOD,LKVO
GTW,LKHO
UHE,LKKU
FDH,EDNY
FKB,EDSB
HDB,ETIE
LHA,EDTL
MHG,EDFM
STR,EDDS
AGB,EDMA
BYU,EDQD
FEL,ETSF
FMM,EDJA
GHF,EDQG
HOQ,EDQM
IGS,ETSI
ILH,ETIK
KZG,ETIN
MUC,EDDM
NUE,EDDN
OBF,EDMO
RBM,EDMS
URD,EDQE
TXL,EDDT
BER,EDDB
CBU,EDCD
BRE,EDDW
BRV,EDWB
HAM,EDDH
XFW,EDHI
FRA,EDDF
FRZ,ETHF
KSF,EDVK
WIE,ETOU
BBH,EDBH
FNB,EDBN
GTI,EDCG
HDF,EDAH
PEF,EDCP
REB,EDAX
RLG,ETNL
SZW,EDOP
AGE,EDWG
BMK,EDWR
BMR,EDWZ
BWE,EDVE
EME,EDWE
FCN,ETMN
HAJ,EDDV
JUI,EDWJ
LGO,EDWL
NOD,EDWS
NRD,EDWY
VAC,EDWU
WVN,EDWI
XLW,EDWD
AAH,EDKA
BFE,EDLI
CGN,EDDK
DTM,EDLW
DUS,EDDL
ESS,EDLE
FMO,EDDG
GKE,ETNG
GUT,ETUO
MGL,EDLN
NRN,EDLV
PAD,EDLP
SGE,EDGS
BBJ,EDRB
HHN,EDFH
RMS,ETAR
SPM,ETAD
ZQW,EDRZ
SCN,EDDR
DRS,EDDC
IES,EDAU
LEJ,EDDP
CSO,EDBC
KOQ,EDCK
ZHZ,EDAQ
EUM,EDHN
FLF,EDXF
GWT,EDXW
HEI,EDXB
HGL,EDXH
KEL,EDHK
LBC,EDHL
OHR,EDXY
PSH,EDXO
QHU,EDXJ
WBG,ETNS
AOC,EDAC
EIB,EDGE
ERF,EDDE
AII,HDAS
JIB,HDAM
OBC,HDOB
MHI,HDMO
TDJ,HDTJ
CPH,EKCH
RNN,EKRN
AAR,EKAH
KRP,EKKA
SQW,EKSV
STA,EKVJ
AAL,EKYT
BYR,EKLS
CNL,EKSN
TED,EKTS
MRW,EKMB
RKE,EKRK
BLL,EKBI
EBJ,EKEB
ODE,EKOD
SGD,EKSB
SKS,EKSP
DOM,TDPD
DCF,TDCF
BRX,MDBH
JBQ,MDJB
PUJ,MDPC
COZ,MDCZ
SDQ,MDSD
CBJ,MDCR
POP,MDPP
AZS,MDCY
EPS,MDAB
STI,MDST
AZR,DAUA
BMW,DATM
TMX,DAUT
ALG,DAAG
AAE,DABB
BLJ,DABT
CBH,DAOR
BJA,DAAE
BSK,DAUB
CFK,DAOI
CZL,DABC
BUJ,DAAD
EBH,DAOY
ELU,DAUO
ELG,DAUE
GHA,DAUG
DJG,DAAJ
IAM,DAUZ
VVZ,DAAP
GJL,DAAV
HRM,DAFH
LOO,DAUL
MUW,DAOV
MQV,
MZW,DAAY
ORN,DAOO
TAF,DAOL
HME,DAUH
OGX,DAUU
TGR,DAUK
QSF,DAAS
BFW,DAOS
SKI,DABP
INF,DATG
INZ,DAUI
TMR,DAAT
TEE,DABS
TID,DAOB
TIN,DAOF
TLM,DAON
CUE,SECU
TUA,SETU
LTX,
ETR,SERO
MCH,SEMH
ESM,SETN
GPS,SEGS
IBB,SEII
SCY,SEST
GYE,SEGU
LOH,SETM
MRR,SEMA
BHA,SESV
JIP,SEJI
MEC,SEMT
PVO,SEPV
MZD,
SUQ,SESC
TSC,SETH
XMS,SEMC
TNW,SEJD
OCC,SECO
TPN,SETI
PTZ,SESM
UIO,SEQM
SNC,SESA
LGQ,SENL
PYO,SEPT
TPC,SETR
ATF,SEAM
TLL,EETN
KDL,EEKA
EPU,EEPU
URE,EEKE
TAY,EETU
HRG,HEGN
RMF,HEMA
ALY,HEAX
HBE,HEBA
SPX,
EMY,HE25
CAI,HECA
LXR,HELX
DAK,HEDK
GSQ,HEOW
UVL,HEKG
TFR,
ABS,HEBL
ASW,HESN
ATZ,HEAT
PSD,HEPS
AUE,
ELT,HETR
SKV,HESC
SSH,HESH
TCP,HETB
DBB,HEAL
MUH,HEMM
SEW,
SQK,
AAC,HEAR
HMB,HEMK
ASM,HHAS
ASA,HHSB
TES,HHTS
MSW,HHMS
AGP,LEMG
GRX,LEGR
LEI,LEAM
ODB,LEBA
OZP,LEMO
ROZ,LERT
SVQ,LEZL
XRY,LEJR
HSK,LEHC
TEV,LETL
ZAZ,LEZG
OVD,LEAS
ACE,GCRR
FUE,GCFV
GMZ,GCGM
LPA,GCLP
SPC,GCLA
VDE,GCHI
SDR,LEXJ
CQM,LERL
LEN,LELN
RGS,LEBG
SLM,LESA
VLL,LEVD
ABC,LEAB
BCN,LEBL
GRO,LEGE
ILD,LEDA
LEU,LESU
REU,LERS
BJZ,LEBZ
LCG,LECO
SCQ,LEST
VGO,LEVX
IBZ,LEIB
MAH,LEMH
PMI,LEPA
RJL,LELO
MAD,LEMD
TOJ,LETO
MLN,GEML
MJV,LELC
RMU,LEMI
PNA,LEPP
BIO,LEBB
EAS,LESO
VIT,LEVT
ALC,LEAL
CDT,LECH
VLC,LEVC
ADD,HAAB
SZE,HASM
BJR,HABD
DBM,HADM
DBT,HADT
DSE,HADC
ETE,HAMM
GDQ,HAGN
LLI,HALL
MKS,HAMA
OTA,
PWI,HAPW
ASO,HASO
DIR,HADR
GMB,HAGM
ALK,
BEI,HABE
DEM,HADD
EGL,HANG
FNH,HAFN
GNN,HAGH
GOB,HAGB
GOR,HAGR
JIM,HAJM
MZX,HAML
NDM,HAMN
NEJ,HANJ
NEK,HANK
SKR,HASK
XBL,HABB
ABK,HAKD
DGC,
GDE,HAGO
GLC,
HIL,HASL
JIJ,HAJJ
LFO,HAKL
WRA,HAWR
AXU,HAAX
HUE,HAHU
MQX,HAMK
SHC,
AMH,HAAM
AWA,HALA
BCO,HABC
BCY,HABU
MTF,HAMT
MUJ,HAMR
SXU,HASD
TIE,HATP
TUJ,HAMJ
WAC,HAWC
LPP,EFLP
KAU,EFKA
KHJ,EFKJ
SJY,EFSI
MIK,EFMI
SVL,EFSA
VRK,EFVR
KAJ,EFKI
JYV,EFJY
KEV,EFHA
UTI,EFUT
ENF,EFET
IVL,EFIV
KEM,EFKE
KTT,EFKT
RVN,EFRO
SOT,EFSO
TMP,EFTP
KOK,EFKK
VAA,EFVA
JOE,EFJO
KTQ,EFIT
KAO,EFKS
OUL,EFOU
YLI,EFYL
KUO,EFKU
POR,EFPO
HEL,EFHK
HEM,EFHF
HYV,EFHV
MHQ,EFMA
TKU,EFTU
LUC,NFNH
NAN,NFFN
PHR,NFND
SUV,NFNA
ICI,NFCI
KAY,NFNW
KDV,NFKD
KXF,NFNO
LEV,NFNB
LKB,NFNK
MFJ,NFMO
NGI,NFNG
ONU,NFOL
VBV,NFVB
AQS,
BVF,NFNU
LBS,NFNL
RBI,NFFR
RTA,NFNR
SVU,NFNS
TVU,NFNM
BXL,
CST,NFCS
KVU,
MNF,NFMA
NTA,
PTF,NFFO
TTL,
VAU,NFNV
VTF,NFVL
YAS,NFSW
FAE,EKVG
MPN,EGYP
PSY,SFAL
TKK,PTKK
KSA,PTSA
PNI,PTPN
ULI,
YAP,PTYA
AHZ,LFHU
AUR,LFLW
CFE,LFLC
CMF,LFLB
CVF,LFLJ
EBU,LFMH
GNB,LFLS
LPY,LFHP
LYN,LFLY
LYS,LFLL
MCU,LFBK
MFX,LFKX
MVV,LFHM
NCY,LFLP
OBS,LFHO
RNE,LFLO
VAF,LFLU
VHY,LFLV
XBK,LFHS
XMU,LFHY
AUF,LFLA
DIJ,LFSD
DLE,LFGJ
NVS,LFQG
SYT,LFLN
BES,LFRB
DNR,LFRD
LAI,LFRO
LDV,LFRJ
LRT,LFRH
MXN,LFRU
RNS,LFRN
SBK,LFRT
UIP,LFRQ
VNE,LFRV
BOU,LFLD
CHR,LFLX
ORE,LFOZ
TUF,LFOT
AJA,LFKJ
BIA,LFKB
CLY,LFKC
FSC,LFKF
PRP,LFKO
SOZ,LFKS
CMR,LFGA
ENC,LFSN
EPL,LFSG
ETZ,LFJL
MZM,LFSF
RHE,LFSR
SXB,LFST
VTL,LFSZ
XCZ,LFQV
BYF,LFAQ
CQF,LFAC
CSF,LFPC
HZB,LFQT
LIL,LFQQ
LTQ,LFAT
CDG,LFPG
ORY,LFPO
TNF,LFPN
CER,LFRC
CFR,LFRK
DOL,LFRG
DPE,LFAB
EVX,LFOE
GFR,LFRF
LEH,LFOH
URO,LFOP
AGF,LFBA
ANG,LFBU
BIQ,LFBZ
BOD,LFBD
BVE,LFSL
CNG,LFBG
EGC,LFBE
LIG,LFBL
LRH,LFBH
NIT,LFBN
PGX,LFBX
PIS,LFBI
PUF,LFBP
RCO,LFDN
RYN,LFCY
BZR,LFMU
CCF,LFMK
DCM,LFCK
FNI,LFTW
LBI,LFCI
LDE,LFBT
MEN,LFNB
MPL,LFMT
PGF,LFMP
RDZ,LFCR
TLS,LFBO
ZAO,LFCC
ANE,LFJR
CET,LFOU
EDM,LFRI
IDY,LFEY
LBY,LFRE
LME,LFRM
LSO,LFOO
LVA,LFOV
NTE,LFRS
SNR,LFRZ
AVN,LFMV
BAE,LFMR
CEQ,LFMD
CTT,LFMQ
GAT,LFNA
LTT,LFTZ
MRS,LFML
NCE,LFMN
QIE,LFMI
QXB,LFMA
SCP,LFNC
TLN,LFTH
LBV,FOOL
NKA,
OWE,
AKE,FOGA
LEO,
MFF,FOOD
MVB,FOON
OKN,FOGQ
GIM,
GKO,
KDJ,FOGJ
LBQ,FOGR
MVG,
FOU,FOGF
KDN,FOGE
MBC,FOGG
MGO,
MJL,FOGM
MGX,FOGI
MYB,FOOY
TCH,FOOT
BGB,FOGB
GAX,
MKB,FOOE
MKU,FOOK
WGY,
KOU,FOGK
LTL,FOOR
AWE,FOGW
BAW,
BGP,
IGE,FOOI
OMB,FOOH
OUU,
POG,FOOG
WNE,
BMM,FOOB
MDV,
MVX,FOGV
MZC,FOOM
OYE,FOGO
HYC,EGTB
PLH,EGHD
BBP,EGHJ
BBS,EGLK
BEQ,EGXH
BEX,EGUB
BHX,EGBB
BLK,EGNH
BOH,EGHH
BQH,EGKB
BRS,EGGD
BWF,EGNL
BZZ,EGVN
CAX,EGNC
CBG,EGSC
CVT,EGBE
DSA,EGCN
EMA,EGNX
EXT,EGTE
FAB,EGLF
FFD,EGVA
GBA,EGBP
GLO,EGBJ
HRT,EGXU
HUY,EGNJ
IOM,EGNS
ISC,EGHE
KNF,EGYM
KRH,EGKR
LBA,EGNM
LCY,EGLC
LEQ,EGHC
LGW,EGKK
LHB,EG74
LHR,EGLL
LKZ,EGUL
LPL,EGGP
LTN,EGGW
LYE,EGDL
LYX,EGMD
MAN,EGCC
MHZ,EGUN
MME,EGNV
NCL,EGNT
NHT,EGWU
NQT,EGBN
NQY,EGHQ
NWI,EGSH
ODH,EGVO
ORM,EGBK
OXF,EGTK
QCY,EGXC
QFO,EGSU
QLA,EGHL
QUG,EGHR
QUY,EGUY
RCS,EGTO
SEN,EGMC
SOU,EGHI
SQZ,EGXP
STN,EGSS
UPV,EGDJ
WTN,EGXW
YEO,EGDY
GCI,EGJB
ACI,EGJA
MSE,EGMH
WRT,EGNO
BFS,EGAA
BHD,EGAC
BOL,EGQB
ENK,EGAB
LDY,EGAE
OKH,EGXJ
ABZ,EGPD
ADX,EGQL
BEB,EGPL
BRR,EGPR
CAL,EGEC
COL,
CSA,
DND,EGPN
DOC,
EDI,EGPH
EOI,EGED
FIE,EGEF
FOA,
FSS,EGQK
GLA,EGPF
ILY,EGPI
INV,EGPE
KOI,EGPA
LMO,EGQS
LSI,EGPB
LWK,EGET
NDY,EGES
NRL,EGEN
OBN,EGEO
OUK,
PIK,EGPK
PPW,EGEP
PSL,EGPT
PSV,
SKL,EGEI
SOY,EGER
SYY,EGPO
TRE,EGPU
UNT,EGPW
WHS,EGEH
WIC,EGPC
WRY,EGEW
FZO,EGTG
CEG,EGNR
CWL,EGFF
HAW,EGFE
SWS,EGFH
VLY,EGOV
ESH,EGKA
GND,TGPY
CRU,
SUI,UGSS
BUS,UGSB
KUT,UGKO
TBS,UGTB
CAY,SOCA
GSI,SOGS
LDX,SOOM
MPY,SOOA
OYP,SOOG
REI,SOOR
XAU,SOOS
KMS,DGSI
NYI,DGSN
ACC,DGAA
TML,DGLE
TKD,DGTK
GIB,LXGB
JAV,BGJN
JQA,BGUQ
JUV,BGUK
NAQ,BGQQ
THU,BGTL
UMD,BGUM
UAK,BGBW
JCH,BGCH
JEG,BGAA
CNP,BGCO
GOH,BGGH
JFR,BGPT
KUS,BGKK
JHS,BGSS
JSU,BGMQ
SFJ,BGSF
BJL,GBYD
BKJ,GUOK
SBI,GUSB
CKY,GUCY
FAA,GUFH
FIG,GUFA
GII,GUSI
KNN,GUXN
KSI,GUKU
LEK,GULB
MCA,GUMA
NZE,GUNZ
BBR,TFFB
DSD,TFFA
GBJ,TFFM
LSS,TFFS
PTP,TFFR
SFC,TFFC
NBN,FGAB
SSG,FGSL
BSG,FGBT
OCS,
GEM,FGMY
AXD,LGAL
KVA,LGKV
ATH,LGAV
KIT,LGKC
AGQ,LGAG
GPA,LGRX
PYR,LGAD
KSO,LGKA
KZI,LGKZ
CFU,LGKR
EFL,LGKF
PVK,LGPZ
ZTH,LGZA
IOA,LGIO
SKG,LGTS
CHQ,LGSA
HER,LGIR
JSH,LGST
AOK,LGKP
JKL,LGKY
JMK,LGMK
JNX,LGNX
JSY,LGSO
JTR,LGSR
JTY,LGPL
KGS,LGKO
KSJ,LGKS
KZS,LGKJ
LRS,LGLE
MLO,LGML
PAS,LGPA
RHO,LGRP
PKH,LGHL
KLX,LGKL
SPJ,LGSP
SKU,LGSY
JSI,LGSK
LRA,LGLR
VOL,LGBL
JIK,LGIK
JKH,LGHI
LXS,LGLM
MJT,LGMT
SMI,LGSM
CBV,MGCB
RUV,MGRB
CIQ,
ENJ,
GSJ,MGSJ
GUA,MGGT
HUG,MGHT
LCF,MGRD
PBR,MGPB
CMM,MGCR
DON,
FRS,MGTK
PON,MGPP
UAX,
AAZ,MGQZ
CTF,MGCT
AQB,MGQC
PKJ,MGPG
RER,MGRT
LOX,
GUM,PGUM
UAM,PGUA
OXB,GGOV
BQE,GGBU
BCG,
BMJ,SYBR
MWJ,SYMR
PKM,
USI,SYMB
GFO,SYBT
IMB,SYIB
KAR,SYKM
KPG,
PRR,SYPR
GEO,SYCJ
OGL,SYGO
SKM,
EKE,
KKG,SYKZ
PIQ,
SDC,SYSC
VEG,SYMK
KAI,SYKA
KTO,SYKT
MHA,SYMD
MYM,SYMM
ORJ,SYOR
PMT,
AHL,SYAH
KRG,SYKS
KRM,SYKR
LTM,SYLT
LUB,SYLP
NAI,SYAN
HKG,VHHH
LCE,MHLC
TEA,MHTE
IRN,MHIR
LMH,
TCF,
TJI,MHTJ
XPL,MHSC
RUY,MHRU
SDH,MHSR
LLH,
SAP,MHLM
TGU,MHTG
AHS,MHAH
BHG,
CDD,
PCH,MHPC
PEU,MHPL
LEZ,MHLE
GJA,MHNJ
RTB,MHRO
UII,MHUT
MRJ,MHMA
EDQ,
GAC,MHGS
CAA,MHGE
JUT,MHJU
LUI,
CYL,MHCS
OAN,MHEA
ORO,MHYR
SCD,MHUL
DBV,LDDU
ZAG,LDZA
PUY,LDPL
OSI,LDOS
LSZ,LDLO
RJK,LDRI
BWK,LDSB
SPU,LDSP
ZAD,LDZD
JEE,MTJE
CAP,MTCH
PAX,MTPX
PAP,MTPP
CYA,MTCA
JAK,MTJA
PEV,LHPP
BUD,LHBP
MCQ,LHMC
DEB,LHDC
SOB,LHSM
BTJ,WITT
KJX,
LSW,WITM
LSX,WITL
MEQ,WITC
SBG,WITN
DPS,WADD
CGK,WIII
PCB,WIHP
PPJ,WIIG
BKS,WIPL
BUU,WIPI
RGT,WIBJ
BXW,WARW
GTO,WAMG
OJU,
UOL,WAMY
DJB,WIPA
KRC,WIPH
MPC,WIPU
TJB,WIBT
BDO,WICC
CBN,WICD
CJN,WICN
KJT,WICA
TSY,WICM
CPF,WARC
CXP,WAHL
KWB,
PWL,WAHP
SOC,WARQ
SRG,WARS
YIA,WAHI
BWX,WADY
JBB,WARE
MLG,WARA
MSI,
SUB,WARR
SUP,WART
KTG,WIOK
PNK,WIOO
PSU,WIOP
SQG,WIOS
BDJ,WAOO
BTW,WAOC
KBU,WRBK
TJG,WAON
NPO,WIOG
PKN,WAOI
PKY,WAGG
SMQ,WAOS
TBM,WAOW
AAP,WALS
BEJ,WALK
BPN,WALL
BXT,WRLC
DTD,WALJ
KOD,
SGQ,WRLA
TNB,WRLH
TSX,WALT
BYQ,WALV
LBW,WRLB
LPU,WRLP
NAF,
NNX,WRLF
TJS,WAGD
TPK,WITA
TRK,WALR
MWK,WIOM
PGK,WIPK
TJQ,WIKD
BTH,WIDD
NTX,WION
TNJ,WIDN
AKQ,WIAG
TKG,WILL
GLX,WAMA
LAH,WAPH
MAL,WAPE
OTI,WAMR
SQN,WAPN
TAX,WAPT
TTE,WAEE
AHI,WAPA
AMQ,WAPP
BJK,WAPK
DOB,WAPD
GEB,WAMJ
KAZ,WAMK
LUV,WAPF
NAM,WAPR
NDA,WAPC
NRE,WAPG
SXK,WAPI
WBA,WAPV
BMU,WADB
LOP,WADL
LYK,WADU
SWQ,WADS
ABU,WATA
ARD,WATM
BJW,WRKB
ENE,WATE
KOE,WATT
LBJ,WATO
LKA,WATL
LWE,WATW
MOF,WATC
RTG,WATG
RTI,WATR
SAU,WATS
TMC,WADT
WGP,WADW
AGD,WASG
BXB,WASO
FKQ,WASF
GAV,
INX,WASI
KBX,WASU
KEQ,WASE
KNG,WASK
MKW,WASR
NTI,WASB
RDE,WASM
RJM,WASN
RSK,WASC
SOQ,WASS
TXM,WAST
AAS,
ARJ,WAJA
BIK,WABB
BUI,WAJB
BXD,WAKE
BXM,WAJG
DEX,
DJJ,WAJJ
DRH,WAJC
ELR,WAJN
EWE,
EWI,WABT
FOO,
ILA,WABL
IUL,WABE
KBF,WABK
KCD,WAKM
KEI,WAKP
KMM,
KOX,WABN
LHI,WAJL
LII,WAJM
LLN,
MDP,WAKD
MKQ,WAKK
MUF,
NBX,WABI
NKD,
OBD,WABR
OKL,WAJO
OKQ,WAKO
ONI,WABD
RUF,WAJE
SEH,WAJS
TIM,WABP
TMH,WAKT
TMY,
UBR,WAJU
UGU,WABV
WAR,WAJR
WET,WABG
WMX,WAVV
WSR,WASW
ZEG,WAKQ
ZRI,WABO
ZRM,WAJI
DUM,WIBD
PKU,WIBB
SEQ,WIBS
SIQ,WIDS
LLJ,WIPB
MJU,WAFJ
TTR,WAWT
LLO,
MOH,
MXB,WAWM
SQR,WAWS
UPG,WAAA
LUW,WAMW
PLW,WAFF
PSJ,WAMP
TLI,WAMI
BUW,WAWB
KDI,WAWW
PUM,WAWP
RAQ,WAWR
TQQ,WA44
AEG,WIME
BJG,
DTB,WIMN
FLZ,WIMS
GNS,WIMB
KNO,WIMM
MDC,WAMM
MES,WIMK
MNA,WAMN
NAH,WAMH
SIW,WIMP
PDG,WIPT
PPR,WIDE
RKI,WIBR
KLQ,WIPV
PDO,WIPQ
PLM,WIPP
AMI,WADA
AYW,WASA
JOG,WIIJ
SNN,EINN
BYT,EIBN
ORK,EICK
CFN,EIDL
LTR,EILT
DUB,EIDW
GWY,EICM
IIA,EIMN
INQ,EIIR
IOR,EIIM
NNR,EICA
KIR,EIKY
KKY,EIKK
BLY,EIBT
NOC,EIKN
SXL,EISG
WAT,EIWF
BEV,LLBS
EIY,LLEY
ETH,LLET
ETM,LLER
MIP,LLMR
MTZ,LLMZ
VDA,LLOV
VTM,LLNV
YOT,LLYT
KSW,LLKS
RPN,LLIB
HFA,LLHA
SDV,LLSD
TLV,LLBG
JRS,OJJR
CBD,VOCX
IXZ,VOPB
BEK,VIBY
CDP,VOCP
PUT,VOPN
RJA,VORY
TIR,VOTP
VGA,VOBZ
VTZ,VEVZ
IXT,VEPG
IXV,VEAN
TEI,VETJ
ZER,VEZO
DEP,VEDZ
DIB,VEMN
GAU,VEGT
IXI,VELR
IXN,VEKW
IXQ,VEKM
IXS,VEKU
JRH,VEJT
RUP,VERU
TEZ,VETZ
DBR,VEDH
GAY,VEGY
MZU,VEMZ
PAT,VEPT
IXC,VICG
JGB,
PAB,VEBU
RPR,VARP
DIU,
NMB,VADN
DEL,VIDP
GOI,VOGO
AMD,VAAH
BDQ,VABO
BHJ,VABJ
BHU,VABV
IXK,VAKS
IXY,VAKE
JGA,VAJM
PBD,VAPR
RAJ,VARK
STV,VASU
HSS,VIHR
DHM,VIGG
KUU,VIBR
SLV,VISM
IXJ,VIJU
IXL,VILH
RJI,
SXR,VISR
DBD,VEDB
IXR,VERC
IXW,VEJS
BEP,VOBI
BLR,VOBL
HBX,VAHB
IXE,VOML
IXG,VABM
MYQ,VOMY
VDY,VOJV
CCJ,VOCL
CNN,VOKN
COK,VOCI
TRV,VOTV
AGX,VOAT
BHO,VABP
GUX,VAGN
GWL,VIGR
HJR,VAKJ
IDR,VAID
JLR,VAJB
REW,
TNI,VIST
AKD,VAAK
BOM,VABB
ISK,VAOZ
IXU,VAAU
JLG,VAJL
KLH,VAKP
LTU,VALT
NAG,VANP
NDC,VAND
PNQ,VAPO
RTC,VARG
SAG,
SSE,VASL
IMF,VEIM
SHL,VEBI
AJL,VELP
DMU,VEMR
BBI,VEBS
JSA,VIJR
PYB,VEJP
RRK,VERK
PNY,VOPC
AIP,VIAX
ATQ,VIAR
BUP,VIBT
IXP,VIPK
LUH,VILD
BKB,VIBK
JAI,VIJP
JDH,VIJO
KQH,VIKG
KTU,VIKO
UDR,VAUD
CJB,VOCB
IXM,VOMD
MAA,VOMM
NVY,VONV
SXV,VOSM
TCR,VOTK
TJV,VOTJ
TRZ,VOTR
BPM,VOHY
HYD,VOHS
RMD,VORG
WGC,VOWA
IXA,VEAT
IXH,VEKR
AGR,VIAG
GOP,VEGK
IXD,VIAL
KNU,VIKA
LKO,VILK
VNS,VEBN
DED,VIDN
PGH,VIPT
CCU,VECC
COH,VECO
IXB,VEBD
LDA,VEMH
RDP,VEDG
RGH,VEBG
IQA,ORAA
TQD,ORAT
BSR,ORMM
NJF,ORNI
EBL,ORER
ISU,ORSU
BGW,ORBI
BMN,ORBB
KIK,ORKK
OSM,ORBM
RQW,
PYK,OIIP
ADU,OITL
PFQ,OITP
HGE,SVHG
IMQ,OITU
KHY,OITK
OMH,OITR
TIA,LATI
ACP,OITM
TBZ,OITT
BUZ,OIBB
IAQ,OIBH
KHA,OITH
KHK,OIBQ
KNR,OIBJ
PGU,OIBP
CQD,OIFS
IFH,OIFE
IFN,OIFM
FAZ,OISF
JAR,OISJ
LFM,OISR
LRR,OISL
SYZ,OISS
RAS,OIGG
GBT,OING
KLM,OINE
HDM,OIHH
NUJ,OIHS
AEU,OIBA
BDH,OIBL
BND,OIKB
GSM,OIKQ
HDR,OIKP
KIH,OIBK
LVP,OIBV
SXI,OIBS
IIL,OICI
BXR,OIKM
JYR,OIKJ
KER,OIKK
RJN,OIKR
SYJ,OIKY
KSH,OICC
TCX,OIMT
XBJ,OIMB
AFZ,OIMS
CKT,OIMC
MHD,OIMM
BJB,OIMN
ABD,OIAA
AKW,OIAG
AWZ,OIAW
DEF,OIAD
MRX,OIAM
OMI,OIAJ
GCH,OIAH
YES,OISY
SDG,OICS
KHD,OICK
AJK,OIHR
BSM,OINJ
NSH,OINN
RZR,OINR
SRY,OINZ
GZW,OIIK
RUD,OIMJ
SNX,OIIS
ACZ,OIZB
AMB,FMNE
ANM,FMNH
DIE,FMNA
DOA,
IHR,OIZI
IVA,FMNJ
NOS,FMNN
SVB,FMNS
VOH,FMNV
ZAH,OIZH
ZBR,OIZC
ZWA,FMND
IKA,OIIE
KKS,OIFK
THR,OIII
AZD,OIYY
JWN,OITZ
BGJ,BIBF
DJU,BIDV
HFN,BIHN
RKV,BIRK
AEY,BIAR
BJD,BIBK
BXV,BIBV
EGS,BIEG
FAS,BIFF
GRY,BIGR
HZK,BIHU
MVA,BIRL
NOR,BINF
OFJ,BIOF
OPA,BIKP
RFN,BIRG
SIJ,BISI
THO,BITN
VPN,BIVO
BIU,BIBD
BLO,BIBL
OLI,BIRF
PFJ,BIPA
SAK,BIKR
FAG,BIFM
VEY,BIVM
KEF,BIKF
FLI,
GJR,BIGJ
HVK,BIHK
IFJ,BIIS
RHA,BIRE
TEY,BITE
GUU,BIGF
SYK,BIST
PSR,LIBP
QAQ,LIAP
CRV,LIBC
REG,LICR
SUF,LICA
NAP,LIRN
QSR,LIRI
BLQ,LIPE
FRL,LIPK
RAN,LIDR
RMI,LIPR
AVB,LIPA
TRS,LIPQ
UDN,LIPD
FCO,LIRF
ALL,LIMG
GOA,LIMJ
LIN,LIML
MXP,LIMC
VBS,LIPO
AOI,LIPY
CUF,LIMZ
TRN,LIMF
BDS,LIBR
BRI,LIBD
FOG,LIBF
LCC,LIBN
TAR,LIBG
AHO,LIEA
CAG,LIEE
DCI,LIED
FNU,LIER
OLB,LIEO
TTB,LIET
CIY,LICB
CTA,LICC
LMP,LICD
NSY,LICZ
PMO,LICJ
PNL,LICG
TPS,LICT
EBA,LIRJ
FLR,LIRQ
GRS,LIRS
LCV,LIQL
PSA,LIRP
SAY,LIQS
BZO,LIPB
PEG,LIRZ
AOT,LIMW
BLX,LIDB
TSF,LIPH
VCE,LIPZ
VIC,LIPT
VRN,LIPX
JER,EGJJ
KTP,MKTP
POT,MKKJ
KIN,MKJP
MBJ,MKJS
OCJ,MKBS
NEG,MKNG
AQJ,OJAQ
ADJ,OJAM
OMF,OJMF
MPQ,OJMN
AMM,OJAI
NGO,RJGG
NKM,RJNA
AXT,RJSK
ONJ,RJSR
AOJ,RJSA
HHE,RJSH
MSJ,RJSM
MYJ,RJOM
FKJ,RJNF
FUK,RJFF
KKJ,RJFR
FKS,RJSF
HIJ,RJOA
HIW,RJBH
AKJ,RJEC
HKD,RJCH
KUH,RJCK
MBE,RJEB
MMB,RJCM
OBO,RJCB
OIR,RJEO
RBJ,RJCR
RIS,RJER
SHB,RJCN
WKJ,RJCW
TJH,RJBT
IBR,RJAH
KMQ,RJNK
NTQ,RJNW
HNA,RJSI
TAK,RJOT
ASJ,RJKA
KKX,RJKI
KOJ,RJFK
KUM,RJFC
OKE,RJKB
RNJ,RORY
TKN,RJKN
TNE,RJFG
NJA,RJTA
KCZ,RJOK
AXJ,RJDA
KMJ,RJFT
SDJ,RJSS
KMI,RJFM
MMJ,RJAF
FUJ,RJFE
IKI,RJDB
NGS,RJFU
OMJ,RJDU
TSJ,RJDT
KIJ,RJSN
SDS,RJSD
OIT,RJFO
OKJ,RJOB
AGJ,RORA
DNA,RODN
HTR,RORH
IEJ,RORE
ISG,ROIG
KJP,ROKR
KTD,RORK
MMD,ROMD
MMY,ROMY
OGN,ROYN
OKA,ROAH
SHI,RORS
TRA,RORT
UEO,ROKJ
KIX,RJBB
HSG,RJFS
IWJ,RJOW
IZO,RJOC
FSZ,RJNS
TKS,RJOS
HAC,RJTH
HND,RJTT
IWO,RJAW
MUS,RJAM
MYE,RJTQ
NRT,RJAA
OIM,RJTO
OKI,RJNO
TTJ,RJOR
YGJ,RJOH
TOY,RJNT
SHM,RJBD
GAJ,RJSC
SYO,RJSY
IWK,RJOI
UBJ,RJDC
LBN,
KRV,
NBO,HKJK
GAS,HKGA
LBK,
ASV,HKAM
GGM,HKKG
KEY,HKKR
MYD,HKML
VPG,
KIS,HKKI
UKA,HKUK
NYK,HKNY
KIU,
KWY,
LAU,HKLU
NDE,HKMA
OYL,HKMY
RBT,HKMB
JJM,HKMK
BMQ,
MBA,HKMO
WIL,HKNW
NUU,HKNK
KEU,HKKE
MRE,
ANA,
KTJ,
OLX,
NYE,HKNI
UAS,HKSB
ILU,HKKL
HOA,HKHO
EYS,HKES
KLK,HKFG
LKG,HKLK
LKU,
LOK,HKLO
LOY,HKLY
EDL,HKEL
KTL,HKKT
WJR,HKWJ
FRU,UAFM
OSS,UAFO
BBM,VDBG
KZC,VDKH
KMT,
KKZ,VDKK
KTI,VDKT
KOS,VDSV
MWV,VDMK
PNH,VDPP
TNX,VDST
KZD,
OMY,
RBE,VDRK
REP,VDSR
AAK,NGUK
ABF,NGAB
AEA,NGTB
AIS,NGTR
BBG,NGTU
BEZ,NGBR
KUC,NGKT
MNK,NGMA
MTK,NGMN
MZK,NGMK
NIG,NGNU
NON,NGTO
OOT,NGON
TBF,NGTE
TMN,NGTM
TRW,NGTA
TSU,NGTS
CIS,PCIS
CXI,PLCH
TNQ,
TNV,
AJN,FMCV
HAH,FMCH
YVA,FMCN
NWA,FMCI
SKB,TKPK
NEV,TKPN
RGO,ZKHM
DSO,ZKSD
WOS,ZKWS
UJU,ZKUJ
FNJ,ZKPY
YJS,ZKSE
PUS,RKPK
CJJ,RKTU
JWO,RKTI
HMY,RKTP
KAG,RKNN
WJU,RKNW
YNY,RKNY
CHN,RKJU
KUV,RKJK
KWJ,RKJJ
MWX,RKJB
RSU,RKJY
ICN,RKSI
OSN,RKSO
SWU,RKSW
CHF,RKPE
HIN,RKPS
KPO,RKTH
TAE,RKTN
UJN,RKTL
USN,RKPU
YEC,RKTY
CJU,RKPC
JDG,RKPD
XIJ,OKAJ
KWI,OKBK
CYB,MWCB
GCM,MWCR
LYB,MWCL
USJ,UAAL
ALA,UAAA
BXJ,UAAR
TDK,
ATX,
HRC,
KOV,UACK
AKX,UATT
NQZ,UACC
GUW,UATG
URA,UARR
BXY,UAOL
SCO,UATE
CIT,UAII
EKB,UASB
PWQ,UASP
BXH,UAAH
DZN,UAKD
KGF,UAKK
AYK,UAUR
KSN,UAUU
KZO,UAOO
PLX,UASS
SZI,
UKK,UASK
UZR,
PPK,UACP
DMB,UADD
AOU,VLAP
HOE,VLHS
KOG,VLKG
PKZ,VLPS
NEU,VLSN
THK,VLTK
LXG,VLLN
LPQ,VLLB
ODY,VLOS
PCQ,
VNA,VLSV
ZVK,VLSK
VTE,VLVT
ZBY,VLSB
XKH,VLXK
BEY,OLBA
KYE,OLKA
SFG,TFFG
SLU,TLPC
UVF,TLPL
ADP,VCCG
AYY,
BTC,VCCB
DBU,
GIU,VCCS
KDW,
KDZ,
NUA,
NUF,
PQD,
THW,
TRR,VCCT
AFK,
ACJ,VCCA
HIM,VCCH
DBK,
IRU,
JAF,VCCJ
BJT,
DIW,
HBT,
HRI,VCRI
KCT,VCCK
TTW,
WRZ,VCCW
BYV,
CMB,VCBI
DGM,
DWO,
KEZ,
KTY,VCCN
RML,VCCC
UCN,GLBU
THC,GLTN
GRC,
SAZ,GLST
FOY,
VOI,GLVA
ROB,GLRB
CPA,GLCP
BYL,
MLW,GLMR
RVC,
NIA,GLNA
TPT,
SNI,GLGE
LRB,FXLR
PEL,FXPG
SHZ,FXSS
MFC,FXMF
MSU,FXMM
SOK,FXSM
NKU,FXNK
MKH,FXMK
TKO,FXTK
LEF,FXLK
SKQ,FXSK
UNE,FXQN
UTG,FXQG
LES,FXLS
MSG,FXMA
SHK,FXSH
THB,FXTA
VNO,EYVI
KUN,EYKA
PLQ,EYPA
PNV,EYPP
SQQ,EYSA
LUX,ELLX
DGP,EVDA
RIX,EVRA
LPX,EVLA
VNT,EVVA
TOB,HLGN
LAQ,HLLQ
ZIS,HLZN
HUQ,HLON
AKF,HLKF
LMQ,HLMB
NFR,HLNR
BEN,HLLB
DNF,
GHT,HLGT
MRA,HLMS
LTD,HLTD
BCQ,
SEB,HLLS
SRX,HLGD
MJI,HLLM
TIP,HLLT
WAX,HLZW
QUB,HLUB
BEM,GMMD
CAS,GMMC
CMN,GMMN
GMD,GMMB
ERH,GMFK
OZG,GMAZ
OZZ,GMMZ
FEZ,GMFF
MEK,GMFM
GLN,
SII,GMMF
TTA,GMAT
NDR,GMMW
OUD,GMFO
UAR,GMFB
EUN,GMML
SMW,GMMA
VIL,GMMH
RAK,GMMX
SFI,GMMS
NNA,GMMY
RBA,GMME
AGA,GMAD
ESU,GMMI
AHU,GMTA
TNG,GMTT
TTU,
BZY,LUBL
RMO,LUKK
IVG,LYBR
ZBK,
TGD,LYPG
TIV,LYTV
AHY,
ATJ,FMME
OHB,FMFE
TNR,FMMI
VND,FMSU
WAD,
WTS,FMMX
WOR,
IHO,FMSI
MNJ,FMSM
RVA,FMSG
WFI,FMSF
WVK,FMSK
AMY,
BPY,FMNQ
BSV,
BZM,
DWB,FMNO
HVA,FMNL
MJN,FMNM
MXT,FMMO
TTS,FMNT
TVA,FMMR
TZO,
WAI,FMNW
WAQ,FMMG
WBD,FMNF
WBE,
WMA,FMNX
WMP,FMNP
WMV,
WPB,FMNG
WTA,FMMU
ILK,FMMQ
SMS,FMMS
TMM,FMMT
VAT,FMMY
VVB,FMMH
WAM,FMMZ
WMN,FMNR
WMR,FMNC
AMP,FMSY
BKU,FMSV
BMD,FMML
DVD,
FTU,FMSD
JVA,FMMK
MJA,FMSJ
MOQ,FMMV
MXM,FMSR
OVA,FMSL
TDV,FMSN
TLE,FMST
WAK,FMSZ
WBO,FMSB
WMD,FMSC
WML,FMMC
ZVA,FMMN
AIC,
JEJ,
WJA,
AIM,
IMI,
TIC,
AUL,
BII,
KIO,
EBO,
ENT,PKMA
JAT,
UIT,
EAL,
EBN,
KWA,PKWA
LOF,
WTE,
LML,
LIK,
MAJ,PKMJ
TBV,
KBT,
MAV,
MJB,
EJT,
MIJ,MLIP
NDK,
MJE,
RNP,
UJE,
UTK,
WTO,
OHD,LWOH
SKP,LWSK
BKO,GABS
GAQ,GAGO
EYL,GAYE
KNZ,GAKA
KYS,GAKY
NIX,GANR
NRM,GANK
MZI,GAMB
SZU,
KSS,GASK
KTX,GAKO
GUD,GAGM
TOM,GATB
BSX,VYPN
HEB,VBHD
VBA,VYAN
PRU,VYPY
BMO,VYBM
MYT,VYMK
PBU,VYPT
LIW,VYLK
PAA,VYPA
PPU,VYPP
GAW,VYGG
KYT,VYKU
MWQ,VYMW
PAU,VYPK
PKK,VYPU
TIO,VYHN
MDL,VYMD
NYT,VYNT
NYU,VYBG
VBC,VYCZ
MNU,VYMM
XYE,VYYE
AKY,VYSW
GWA,VYGW
KYP,VYKP
MGU,VYMN
SNW,VYTD
HOX,VYHL
KHM,VYKI
KMV,VYKL
NYW,VYMY
HEH,VYHH
KET,VYKG
LSH,VYLS
MGK,VYMT
MOE,VYMO
MOG,VYMS
NMS,VYNS
NMT,
THL,VYTL
KAW,VYKT
MGZ,VYME
TVY,VYDW
VBP,VYBP
RGN,VYYY
TSZ,ZMTG
ULG,ZMUL
BYN,ZMBH
UGA,ZMBN
COQ,ZMCD
XRQ,
MXW,ZMMG
TNZ,ZMTL
LTI,ZMAT
ULZ,ZMDN
UNR,ZMUH
HBU,ZMBS
HVD,ZMKD
HTM,ZMHG
MXV,ZMMN
DLZ,ZMDZ
ERT,
AVK,ZMAH
HJT,ZMHU
KHR,ZMHH
UGT,ZMBR
UUN,ZMBU
UBN,ZMCK
ULN,ZMUB
ULO,ZMUG
MFM,VMMC
ROP,PGRO
SPN,PGSN
TIQ,PGWT
FDF,TFFF
ATR,GQPA
KFA,GQNF
BGH,GQNE
NDB,GQPP
KED,GQNK
SEY,GQNS
AJJ,GQNJ
AEO,GQNA
LEG,
MBR,GQNU
NKC,GQNO
THT,GQNT
MOM,GQNL
THI,GQNC
TIY,GQND
CGT,
EMN,GQNI
FGD,GQPF
OUZ,GQPZ
TMD,GQNH
OTL,GQNB
MNI,TRPG
MLA,LMML
MRU,FIMP
RRG,FIMR
DRV,VRMD
NMF,
VAM,VRMV
KDM,VRMT
FVM,VRMF
FND,
HAQ,VRMH
MLE,VRMM
GKK,VRMO
KDO,VRMK
IFU,VREI
GAN,VRMG
TMF,VRNT
BLZ,FWCL
CEH,FWCD
KGJ,FWKA
KBQ,FWKG
LIX,FWLK
LLW,FWKI
CMK,FWCM
MAI,FWMG
MYZ,FWMY
VUU,
ZZU,FWUU
DWA,FWDW
LMB,FWSM
AGU,MMAS
AJS,MX86
CUA,
GUB,MMGR
LAP,MMLP
LTO,MMLT
MUG,MMMG
PCO,MMPL
PCV,
SGM,
SJD,MMSD
SRL,
VIB,
BHL,
ESE,MMES
MXL,MMML
SFH,MMSF
SNQ,
TIJ,MMTJ
CME,MMCE
CPE,MMCP
CJT,MMCO
PQM,MMPQ
TAP,MMTP
TGZ,MMTG
CJS,MMCS
CUU,MMCU
NCG,MMCG
ACN,MMCC
LOV,MMMV
PDS,MMPG
SLW,MMIO
TRC,MMTC
CLQ,MMIA
ZLO,MMZO
DGO,MMDO
BJX,MMLO
CYW,MMCY
ACA,MMAA
ZIH,MMZH
GDL,MMGL
LOM,
PVR,MMPR
AZP,MMJC
MEX,MMMX
NLU,MMSM
TLC,MMTO
AZG,
LZC,MMLC
MLM,MMMM
UPN,MMPN
ZMM,MMZM
CVJ,MMCB
TPQ,MMEP
MTY,MMMY
NTR,MMAN
HUX,MMBT
IZT,MMIT
OAX,MMOX
PXM,MMPS
SCX,MMSZ
PBC,MMPB
TCN,MMHC
QRO,MMQT
CTM,MMCM
CUN,MMUN
CZM,MMCZ
ISJ,MMIM
PCM,
TUY,
SLP,MMSP
TSL,MMTN
CUL,MMCL
LMM,MMLM
MZT,MMMZ
CEN,MMCN
CNA,MMCA
GYM,MMGM
HMO,MMHO
NOG,MMNG
PPE,MMPE
UAC,
XAL,
VSA,MMVA
CVM,MMCV
MAM,MMMA
MMC,MMDM
NLD,MMNL
REX,MMRX
TAM,MMTM
JAL,MMJA
MTT,MMMT
PAZ,MMPA
VER,MMVR
CZA,MMCT
MID,MMMD
TZM,
ZCL,MMZC
JHB,WMKJ
MEP,WMAU
ZJT,
ZLW,
AOR,WMKA
LGK,WMKL
KBR,WMKC
MKZ,WMKM
KUA,WMKD
SXT,WMAN
TOD,WMBT
IPH,WMKI
PKG,WMPA
SWY,WMBA
TPG,WMBI
BWH,WMKB
PEN,WMKP
BKI,WBKK
GSA,WBKN
KGU,WBKG
KUD,WBKT
LAC,
LBU,WBKL
LDU,WBKD
PAY,WBKP
RNU,WBKR
SDK,WBKS
SMM,WBKA
SPE,WBKO
SPT,
SXS,WBKH
TEL,WBKE
TMG,WBKM
TWU,WBKW
BBN,WBGZ
BKM,WBGQ
BLG,WBGC
BSE,WBGN
BTU,WBGB
KCH,WBGG
KPI,WBGP
LBP,
LGL,WBGF
LKH,WBGL
LMN,WBGJ
LSM,WBGD
LSU,WBGU
LWY,WBGW
MKM,WBGK
MUR,WBGM
MYY,WBGR
MZV,WBMU
ODN,WBGI
SBW,WBGS
SGG,WBGY
TGC,WBTM
KUL,WMKK
SZB,WMSA
KTE,WMKE
RDN,WMPR
TGG,WMKN
IBO,FQIB
LFB,FQLU
LMZ,
MTU,
MUD,FQMD
MZB,FQMP
NND,
POL,FQPB
TGS,
VJB,FQXA
BCW,
BZB,
DGK,
IBL,
INH,FQIN
MFW,
VNX,FQVL
VPY,FQCH
IHC,FQIA
MPM,FQMA
PDD,FQPO
AME,
ANO,FQAG
APL,FQNP
MMW,
MNC,FQNC
FXO,FQCB
VXC,FQLC
BEW,FQBR
CMZ,
IMG,
NTC,
RRM,
TET,FQTT
BJN,
INE,
LBM,
MJS,
PEB,
UEL,FQQL
VJQ,
ADI,FYAR
MJO,FYME
SWP,FYSM
WVB,FYWB
SZM,FYSS
AIW,FYAA
KAS,FYKB
KMP,FYKT
LUD,FYLZ
OMD,FYOG
RHN,FYSA
BQI,
NDU,FYRU
ERS,FYWE
MQG,FYMG
OGV,FYNG
WDH,FYWH
OPW,FYOP
TCY,FYTE
GOG,FYGB
OHI,FYOS
OND,FYOA
HAL,FYHI
NNI,FYNA
OKF,FYOO
OKU,FYMO
TSB,FYTM
GFY,FYGF
OTJ,FYOW
LHU,FYLS
MPA,FYKM
OMG,FYOE
BMY,NWWC
KNQ,NWWD
KOC,NWWK
PDC,NWWQ
PUV,NWWP
TOU,NWWU
GEA,NWWM
ILP,NWWE
NOU,NWWW
TGJ,NWWA
LIF,NWWL
MEE,NWWR
UVE,NWWV
AJY,DRZA
RLT,DRZL
MFQ,DRRM
NIM,DRRN
THZ,DRRT
ZND,DRZR
NLK,YSNF
ABV,DNAA
JOS,DNJO
YOL,DNYO
QUO,DNAI
BCU,
MDI,DNMK
MIU,DNMA
CBQ,DNCA
ABB,DNAS
QRW,DNSU
BNI,DNBE
ENU,DNEN
GMO,DNGO
QOW,DNIM
KAD,DNKA
ZAR,DNZA
KAN,DNKN
DKA,
ILR,DNIL
LOS,DNMM
MXJ,DNMN
AKR,DNAK
IBA,DNIB
PHC,DNPO
PHG,
SKO,DNSO
BZA,MNBZ
PUZ,MNPC
RFS,MNRT
SIU,MNSI
WSP,MNWP
BEF,MNBL
NVG,MNNG
RNI,MNCI
MGA,MNMG
NCR,MNSC
ECI,MNCE
GRQ,EHGG
LEY,EHLE
LWR,EHLW
MST,EHBK
EIN,EHEH
GLZ,EHGR
UDE,EHVK
WOE,EHWO
AMS,EHAM
DHR,EHKD
ENS,EHTW
UTC,EHSB
RTM,EHRD
OSL,ENGM
GLL,ENKL
ALF,ENAT
BJF,ENBS
BVG,ENBV
HAA,ENHK
HFT,ENHF
HVG,ENHV
KKN,ENKR
LKL,ENNA
MEH,ENMH
VAW,ENSS
VDS,ENVD
HMR,ENHA
BGO,ENBR
SRP,ENSO
AES,ENAL
HOV,ENOV
KSU,ENKB
MOL,ENML
TRD,ENVA
ANX,ENAN
BNN,ENBN
BOO,ENBO
EVE,ENEV
LKN,ENLK
MJF,ENMS
MQN,ENRA
NVK,ENNK
RET,ENRS
SKN,ENSK
SSJ,ENST
SVJ,ENSH
VDB,ENFG
RYG,ENRY
HAU,ENHD
SVG,ENZV
FDE,ENBL
FRO,ENFL
SDN,ENSD
SOG,ENSG
OLA,ENOL
OSY,ENNM
RRS,ENRO
RVK,ENRM
NTB,ENNO
SKE,ENSN
BDU,ENDU
SOJ,ENSR
TOS,ENTC
KRS,ENCN
TRF,ENTO
KTM,VNKT
LTG,VNLT
BJU,VNBR
KEP,VNNG
SKH,VNSK
BGL,VNBL
JMO,VNJS
NGX,VNMA
PKR,VNPK
JKR,VNJP
RHP,VNRC
DOP,VNDP
IMK,VNST
JUM,VNJL
BHP,VNBJ
BIR,VNVT
RJB,VNRB
TMI,VNTR
BWA,VNBW
SIH,VNDT
XMG,VNMN
BDP,VNCG
TPJ,VNTJ
BHR,VNBP
GKH,VNGK
MEY,VNMG
SIF,VNSI
DNP,VNDG
RPA,VNRP
RUK,VNRK
JIR,VNJI
LDN,VNLD
LUA,VNLK
PPL,VNPL
RUM,VNRT
SYH,VNSB
BIT,VNBT
BJH,VNBG
DAP,VNDL
DHI,VNDH
FEB,VNSR
TPU,VNTP
INU,ANYN
IUE,NIUE
AKL,NZAA
AMZ,NZAR
CMV,NZCX
GBZ,NZGB
WIK,NZKE
ROT,NZRO
TRG,NZTG
WHK,NZWK
ASG,NZAS
CHC,NZCH
GTN,NZGT
KBZ,NZKI
TIU,NZTU
TWZ,NZUK
CHT,NZCI
GIS,NZGS
NPE,NZNR
WIR,NZWO
OHA,NZOH
PMR,NZPM
WAG,NZWU
BHE,NZWB
PCN,NZPN
NSN,NZNS
DGR,NZDA
KAT,NZKT
KKE,NZKK
KKO,NZKO
WRE,NZWR
ALR,NZLX
DUD,NZDN
OAM,NZOU
WKA,NZWF
ZQN,NZQN
IVC,NZNV
MFN,NZMF
MON,NZMC
SZS,NZRC
TEU,NZMO
WHO,
NPL,NZNP
KTF,NZTK
MZP,NZMK
HLZ,NZHN
MTA,NZMA
RAG,NZRA
THH,
TKZ,NZTO
TMZ,NZTH
TUO,NZAP
WTZ,NZWT
MRO,NZMS
PPQ,NZPP
WLG,NZWN
GMN,NZGM
HKK,NZHK
WSZ,NZWS
AOM,
MCT,OOMS
RNM,OOGB
RMB,OOBR
BJQ,
DQM,
JNJ,
UKH,
FAU,OOFD
LKW,OOLK
OHS,OOSH
NMN,AYNO
BYB,
KHS,OOKB
MNH,OORQ
MSH,OOMA
SUH,OOSR
KMN,FZSB
LRM,MDLR
OMM,OOMX
SLL,OOSA
TTH,OOTH
BOC,MPBO
CHX,MPCH
AML,
DAV,MPDA
RIH,MPSM
ONX,MPEJ
AIL,
BFQ,
ELE,
GHE,
JQE,MPJE
MPI,
MPP,
NGN,
OGM,
PLP,MPLP
PUE,MPOA
PYC,
PYV,
SAX,
TJC,
UTU,
CTD,MPCE
PDM,
ACU,
BLB,MPHO
CTE,
CZJ,
IVI,
NBL,MPWN
NMG,
OTD,
PAC,MPMG
PTY,MPTO
PVE,MPVR
SIC,
TUW,
SYP,MPSA
CHH,SPPY
RIM,SPLN
ATA,SPHZ
CHM,SPEO
ANS,SPHY
AQP,SPQU
AYP,SPHO
AYX,SPAY
CJA,SPJR
JAE,SPJE
HUU,SPNC
UMI,SPIL
VVN,
LIM,SPIM
TGI,SPGM
NZC,SPZA
PIO,SPSO
SJA,SPJN
JAU,SPJJ
MZA,SPMF
TRU,SPRU
CIX,SPHI
SMG,SPMR
AOP,
CUZ,SPZO
IQT,SPQT
TDP,SPDR
YMS,SPMS
IBP,SPBR
PEM,SPTU
SYC,SPSY
ILQ,SPLO
PIU,SPUR
TYL,SPYL
JUL,SPJL
BLP,SPBL
JJI,SPJI
MBP,SPBB
RIJ,SPJA
SQU,SPOA
TPP,SPST
TCQ,SPTN
TBP,SPME
ALD,SPAR
PCL,SPCL
RMT,NTAM
RUR,NTAR
RVV,NTAV
TUB,NTAT
AUQ,NTMN
NHV,NTMD
UAH,NTMU
UAP,NTMP
BOB,NTTB
HUH,NTTH
MAU,NTTP
PPT,NTAA
RFP,NTTR
TTI,NTTE
AAA,NTGA
AHE,NTHE
APK,NTGD
AXR,NTGU
FAC,NTKF
FAV,NTGF
FGU,NTGB
FHZ,NTKH
GMR,NTGJ
HHZ,NTGH
HOI,NTTO
KHZ,NTKA
KKR,NTGK
KXU,NTKT
MKP,NTGM
MVT,NTGV
NAU,NTGN
NIU,NTKN
NUK,NTGW
PKP,NTGP
PUK,NTGQ
REA,NTGE
RGI,NTTG
RKA,NTKK
RRR,NTKO
TIH,NTGC
TJN,NTKM
TKP,NTGT
TKV,NTGO
TKX,NTKR
UOA,NTTX
VHZ,NTUV
XMH,NTGI
ZTA,NTGY
MOZ,NTTM
NKP,
TPX,NTTU
BUA,AYBK
IIS,AYIA
KIE,AYIQ
ABW,
AOA,
BEA,
EFG,AYEF
ERU,AYER
FNE,AYFA
GUG,AYGF
HEO,
HNN,AYHH
IOK,
KAQ,AYKH
KGH,AYJO
KGW,AYKQ
KIQ,AYRA
KRU,AYEA
KSP,AYOP
LNG,AYLS
MLQ,AYMP
MRM,AYMA
ONB,AYQQ
RKU,AYRK
SPH,AYQO
TEO,AYTY
TPI,AYTI
WTP,AYWT
CMU,AYCH
KMR,AYRI
BOQ,
BOV,
CPI,
DOS,
GOE,AYGL
IUS,
JAQ,
KAF,
KJU,
KTK,
KWV,
KXR,
LHP,
LMG,
MFO,
MGP,
MKN,AYMV
MVI,
NUG,AYNI
OPB,
OTY,
RAA,
RAB,AYTK
RAW,
SBV,AYSH
SMP,
SWR,AYZI
TLO,AYXO
TOK,
TON,AYVO
UBI,AYUI
ULE,
WKN,AYWQ
AGG,
WWK,AYWK
ADC,AYAN
AON,
AYU,AYAY
BNT,AYDI
BRH,
DPU,
GKA,AYGA
HOC,AYOK
KEG,AYLG
KQL,AYOL
MJJ,
MWG,AYMW
NBA,AYNY
OML,
TBQ,AYTR
UMC,AYUC
USO,
WOA,AYWO
WBM,AYWD
AIE,AYAO
IHU,
KMA,AYKM
KRI,AYKK
KRJ,AYQA
KUY,
SGK,AYSK
TDS,AYSS
VMU,AYBA
WAO,AYWB
AWR,
BIJ,
DAF,
HAZ,
ILX,
JOP,AYJS
KRX,AYKR
MAG,AYMD
NKN,AYNA
SDI,AYSD
TUT,
WNU,AYWH
MAS,AYMO
MMV,AYYM
MNP,
AUP,AYAG
GUR,AYGN
LSA,AYKA
MIS,AYMS
SAM,
VIV,
AEK,AYAX
AUV,AYUM
BCP,AYBC
BDZ,AYBG
BNV,
BPD,AYBP
BRP,AYBR
BUL,AYBU
BWJ,
BXZ,AYNS
DER,AYDE
DNU,AYDN
EGA,AYEN
FIN,AYFI
GAP,AYGP
GAR,AYGI
GRL,AYGG
GWN,
HNI,AYHE
HWA,AYHU
IDN,AYID
IMN,AYII
KBM,AYKB
KEX,AYNB
KGB,AYOE
KIA,
KMF,AYKD
KNL,
KOR,AYRO
KSB,AYNM
KSG,
KSX,AYYR
KYX,AYYE
KZF,AYKT
LAB,AYLB
LAE,AYNZ
LNC,AYLT
LNM,AYLN
LPN,AYLP
LSJ,AYLX
LWI,AYLO
MBV,AYSX
MPG,AYMJ
MXK,AYMI
MYX,AYMC
OBM,AYMB
OGE,AYOG
OSE,AYOM
PDI,AYPD
PGE,
SGB,
SMH,AYSP
SMJ,AYXI
SSS,
SWE,AYEW
SWG,AYSW
SXA,AYQS
TEP,AYTP
TKB,AYTZ
TSI,
TSW,AYTS
TWY,AYTW
WGU,
WSU,AYWS
WTT,AYWC
WUG,AYWU
YVD,AYXE
ZEN,AYZA
AFR,AYAF
APP,
ARP,
AZB,
BAP,
BNM,AYBD
BPB,
CPN,
CVL,
DAO,
DDM,
DOI,AYDO
DOO,AYDR
EIA,
EMO,AYEO
EMS,AYEB
ESA,
GEW,AYGC
GOC,AYGX
GRH,
IAU,
IMA,
IOP,
KIZ,
KUP,
LNQ,
MAP,
NDI,AYNJ
NDN,AYNC
NOO,
NWT,
PAW,
PMN,AYPQ
POM,AYPY
PPX,
RAX,AYYO
RBP,AYRE
RNR,
SFU,AYSF
SGJ,
SIL,AYSG
SQT,AYCS
SUZ,
TDB,AYTF
URU,AYUE
UUU,
WED,
XBN,AYBZ
ATN,AYNX
EMI,AYEE
KVG,AYKV
LNV,AYKY
MPU,AYMZ
MWU,
NIS,AYSE
PUA,
TIG,
TSK,
AGL,AYWG
ITK,
KKD,AYKO
PNP,AYGR
TFI,AYTU
AGK,
APR,AYPE
AUJ,AYAT
BMZ,AYBF
ERE,AYEV
HBD,AYHB
HIT,AYHO
HYF,AYHF
KAK,
KCJ,AYOQ
KDE,AYOW
KDP,AYNN
KII,AYLI
KOM,AYOO
KPA,AYKG
KPF,AYDL
KPL,
KUQ,AYKU
KWO,AYKW
KWX,
LGM,
MDU,AYMN
MGG,
MPF,AYPO
MQO,AYMQ
MWI,AYRM
MXH,AYMR
NPG,
OPU,AYBM
PLE,AYPB
PMP,AYPJ
PUI,
RGE,
TCJ,AYVM
TIZ,AYTA
UPR,AYUR
WAJ,AYWF
WSA,AYIW
ASZ,
BAA,AYBL
BAJ,
CGC,AYCG
FUB,
GAZ,AYGJ
GMI,AYGT
HKN,AYHK
IBI,
KDR,AYKC
KVE,
LGN,AYLL
MFZ,
NUT,
SXH,AYSL
SXW,AYSV
TGL,AYTG
TLW,AYVL
UVO,AYUZ
WBC,AYWJ
WIU,AYIX
WUM,
TAJ,
VAI,AYVN
AMG,
AOB,
AUI,AYND
BMH,AYBO
BNZ,
CVB,AYCB
GBF,AYNE
HGU,AYMH
KMB,
KNE,AYKJ
KPM,AYAQ
MDM,AYDK
MZN,
PGN,AYPG
RUU,
SIM,AYSJ
SPV,
TBA,
TBE,AYTV
TCK,AYYL
UAE,AYAE
WUV,AYVW
YEQ,AYYK
ABP,
AIH,AYAK
AKG,AYGU
AMF,AYAA
AMU,AYAM
ATP,AYAI
AWB,AYAW
BIZ,
BOT,AYET
BPK,AYBQ
BSP,AYBH
BVP,
BWP,AYBI
DAU,AYDU
DBP,AYDB
DLB,
EPT,AYEL
FAQ,AYFR
FRQ,AYFE
FUM,AYFU
GBC,AYGS
GLP,AYUP
GUE,
GUV,AYML
GVI,AYGV
IMD,AYIO
KDQ,AYTO
KGM,AYIM
KPE,AYYP
KUX,AYUY
LMI,AYLU
LMY,
LNF,
LTF,
MHY,AYEH
MPX,AYIY
MRH,
NGR,
NOM,ATNR
OBX,AYOB
OKP,AYOJ
OKV,AYOF
OLQ,AYOV
OSG,AYZS
PGB,AYPC
RMN,AYRG
SBC,AYSO
SBE,AYSA
SIZ,AYZN
SKC,AYSU
TBG,AYTB
TFB,AYTH
TFM,AYTE
TKW,AYTN
TLP,AYQL
TRJ,AYTT
UKU,AYNU
UNG,AYKI
WEP,AYXW
WPM,AYXP
XYR,AYED
BXU,RPME
KLO,RPVK
MPH,RPVE
LGP,RPLP
EUQ,RPVS
BQA,RPUR
CGG,
SFS,RPLB
BSO,RPUO
BAG,RPUB
TAG,RPVT
XMA,
LLC,RPLH
TUG,RPUT
DTE,RPUD
WNP,RPUN
CGM,RPMH
RXS,RPVR
VRC,RPUV
SGL,RPLS
CEB,RPVM
MXI,RPMQ
DVO,RPMD
DSG,
LAO,RPLI
ICO,RPSG
ILO,RPVI
CYZ,RPUY
SFE,RPUS
IGN,RPMI
OMC,RPVO
TAC,RPVA
CBO,RPMC
MLP,RPMM
MRQ,RPUW
MBT,RPVJ
LBX,RPLU
MBO,RPUM
SJI,RPUH
CGY,RPMY
OZC,RPMO
MNL,RPLL
AAV,RPMA
BCD,RPVB
DGT,RPVD
CRM,RPVF
CUJ,
CYU,RPLO
ENI,RPEN
PPS,RPVP
RZP,RPSD
SWL,RPSV
USU,RPVV
XCN,
CRK,RPLC
BSI,RPLE
TBH,RPVU
CYP,RPVC
TGB,
GES,RPMR
LWA,
JOL,RPMJ
SSV,
IAO,RPNS
SUG,RPMS
BNQ,
BPH,RPMF
TDG,RPMW
CDY,RPMU
TWT,RPMN
IPE,RPMV
DPL,RPMG
XSO,PRNO
PAG,RPMP
ZAM,RPMZ
MFG,OPMF
RAZ,OPRT
XJM,OPMA
DBA,OPDB
GWD,OPGD
JIW,OPJI
KDD,OPKH
LRG,OPLL
NHS,
ORW,OPOR
PJG,OPPG
PSI,OPPI
PZH,OPZB
REQ,
SBQ,OPSB
SUL,OPSU
TFT,
TUK,OPTU
UET,OPQT
CHB,OPCL
GIL,OPGT
KDU,OPSD
ISB,OPIS
BNP,OPBN
CJL,OPCH
DSK,OPDI
OHT,OPKT
PAJ,OPPC
PEW,OPPS
SDT,OPSS
TLB,OPTA
WAF,OPWN
ATG,
BHV,OPBW
BHW,
DEA,OPDG
GRT,
LHE,OPLA
LYP,OPFA
MUX,OPMT
MWD,OPMI
RYK,OPRK
SGI,OPSR
SKT,OPST
BDN,OPTH
DDU,OPDD
HDD,OPKD
JAG,OPJA
KCF,
KHI,OPKC
MJD,OPMJ
MPD,OPMP
RZS,OPSW
SKZ,OPSK
SYW,OPSN
WNS,OPNH
ZIZ,
WRO,EPWR
BZG,EPBY
LCJ,EPLL
BXP,EPBP
LUZ,EPLB
IEG,EPZG
KRK,EPKK
RDO,EPRA
WAW,EPWA
WMI,EPMO
RZE,EPRZ
GDN,EPGD
CZW,EPRU
KTW,EPKT
SZY,EPSY
POZ,EPPO
OSZ,EPKZ
SZZ,EPSC
FSP,LFVP
MQC,LFVM
SJU,TJSJ
PSE,TJPS
SIG,TJIG
GZA,LVGZ
BYJ,LPBJ
BGZ,LPBR
BGC,LPBG
CBP,LPCO
FAO,LPFR
PRM,LPPM
CAT,LPCS
LIS,LPPT
SIE,LPSI
OPO,LPPR
FNC,LPMA
PXO,LPPS
CVU,LPCR
FLW,LPFL
GRW,LPGR
HOR,LPHR
PDL,LPPD
PIX,LPPI
SJZ,LPSJ
SMA,LPAZ
TER,LPLA
CHV,LPCH
VRL,LPVR
VSE,LPVZ
ROR,PTRO
OLK,SGOL
PCJ,
AGT,SGES
PJC,SGPJ
ESG,SGME
FLM,SGFI
ASU,SGAS
BFA,SGBN
CIO,SGCO
PBT,
VMI,
ENO,SGEN
AYO,SGAY
PIL,SGPI
DIA,OTBD
DOH,OTHH
XJD,OTBH
RUN,FMEE
ZSE,FMEP
ARW,LRAR
BCM,LRBC
OMR,LROD
CSB,LRCS
CLJ,LRCL
CND,LRCK
CRA,LRCV
IAS,LRIA
OTP,LROP
BAY,LRBM
TGM,LRTM
SUJ,LRSM
SBZ,LRSB
SCV,LRSV
TSR,LRTR
TCE,LRTC
BEG,LYBE
BJY,LYBT
INI,LYNI
UZC,LYUZ
RGK,UNBG
BAX,UNBB
BQS,UHBB
GDG,UHBI
TYD,UHBW
ARH,ULAA
CSH,ULAS
KSZ,ULKK
LDG,ULAL
ASF,URWA
BCX,UWUB
NEF,UWUF
OKT,UWUK
UFA,UWUU
EGO,UUOB
BZK,UUBP
TLK,UECT
UUD,UIUU
GRV,URMG
CEK,USCC
MQF,USCM
DYR,UHMA
KPW,UHMK
KVM,UHMO
PVS,UHMD
PWE,UHMP
CSY,UWKS
MCX,URML
IGT,URMS
BTK,UIBB
ERG,UIKE
IKT,UIII
IWA,UUBI
KCK,UIKK
ODO,UIKB
UIK,UIBS
UKX,UITT
NAL,URMN
KGD,UMKK
ESL,URWI
KLF,UUBC
PKC,UHPP
PES,ULPB
KEJ,UNEE
NOZ,UNWW
BQG,UHNB
GVN,UHKM
KHV,UHHH
KXK,UHKK
NLI,UHNN
OHO,UHOO
ABA,UNAA
EYK,USHQ
EZV,
HMA,USHH
IRM,USHI
KGP,USRK
KXD,USHK
NFG,USRN
NJC,USNN
NYA,USHN
OVS,USHS
RAT,USNR
SGC,USRR
URJ,USHU
KVX,USKK
INA,UUYI
PEX,UUYP
SCW,UUYY
UCT,UUYH
USK,UUYS
UTS,UUYX
VKT,UUYW
KMW,UUBA
AAQ,URKA
AER,URSS
EIK,
GDZ,URKG
KRR,URKK
NOI,
ACS,UNKS
DKS,UODD
EIE,UNII
HTG,UOHH
IAA,UOII
KJA,UNKL
NSK,UOOO
TGP,UNIP
THX,UOTT
KRO,USUU
URS,UUOK
RVH,ULSS
LED,ULLI
LPK,UUOL
GDX,UHMM
SWV,UHMW
JOK,UWKJ
SKX,UWPS
BKA,UUBB
SVO,UUEE
CKL,UUMU
OSF,UUMO
ZIA,UUBW
KVK,ULMK
MMK,ULMM
AMV,ULDD
NNM,ULAM
VRI,ULDW
NVR,ULNN
GOJ,UWGG
OVB,UNNT
OMS,UNOO
OSW,UWOR
REN,UWOO
OEL,UUOR
PEZ,UWPP
PEE,USPP
AEM,UHTG
KVR,
TLY,UHWP
VVO,UHWW
PKV,ULOO
VLU,ULOL
RVI,URRR
ROV,URRP
TGK,URRT
VLK,URRY
RZN,UUWR
ADH,UEEA
BGN,UESG
BQJ,
CKH,UESO
CYX,UESS
DPT,
GYG,UEMM
IKS,UEST
KDY,UEMH
MJZ,UERR
MQJ,UEMA
NER,UELL
NYR,UENN
OLZ,UEMO
ONK,UERO
PYJ,UERP
SEK,UESK
SUK,UEBS
SUY,UENS
SYS,UERS
UKG,UEBT
ULK,UERL
UMS,UEMU
USR,UEMT
VHV,UENI
VYI,UENW
YKS,UEEE
ZIX,UEVV
ZKP,UESU
BVV,UHSB
DEE,UHSM
EKS,UHSK
ITU,UHSI
NGK,UHSN
OHH,UHSH
UUS,UHSS
ZZO,UHSO
KUF,UWWW
BWO,UWSB
GSV,
RTW,UWSS
OGZ,URMO
LNX,UUBS
MRV,URMM
STW,URMT
SVX,USSS
TBW,UUOT
KZN,UWKD
NBC,UWKE
UUA,UWKB
SWT,UNSS
TOF,UNTT
TYA,UUBT
KLD,UUEM
TJM,USTR
TOX,USTO
KYZ,UNKY
IJK,USII
ULV,UWLL
ULY,UWLW
CEE,ULWC
VGD,ULWW
VOG,URWW
VUS,ULWU
VOZ,UUOO
BVJ,USDB
KKQ,USDP
NOJ,USRO
NUX,USMU
NYM,USMM
SBT,USDA
SLY,USDD
TQL,USDS
UEN,USDU
YMK,USDK
IAR,UUDL
RYB,UUBK
HTA,UIAA
RHG,HRYU
GYI,HRYG
KME,HRZA
BTQ,HRYI
KGL,HRYR
ABT,OEBA
RAE,OERR
RAH,OERF
TUI,OETR
AJF,OESK
URY,OEGT
MED,OEMA
ULH,OEAO
YNB,OEYN
ELQ,OEGS
ZUL,OEZL
AKH,OEPS
DWD,OEDW
RUH,OERK
SLF,OESL
WAE,OEWD
AQI,OEPA
DHA,OEDR
DMM,OEDF
HOF,OEAH
KMC,OEKK
AHB,OEAB
BHH,OEBH
KMX,OEKM
HAS,OEHL
GIZ,OEGN
JED,OEJN
TIF,OETF
EAM,OENG
SHW,OESH
EJH,OEWJ
NUM,OENN
TUU,OETB
SVY,
TLG,AGTI
XYA,AGGY
CHY,AGGC
KGE,AGKG
AVU,AGGJ
HIR,AGGH
KWS,AGKW
MBU,AGGI
NAZ,AGNA
PRS,AGGP
FRE,AGGF
JJA,AGJO
VAO,AGGV
IRA,AGGK
NNB,AGGT
RNA,AGAR
AFT,AGAF
AKS,AGGA
ATD,AGAT
KWR,
ONE,
OTV,AGGQ
TAA,
BNY,AGGB
RNL,AGGR
RUS,AGGU
SCZ,AGGL
BAS,AGGE
BPF,AGBT
EGM,AGGS
GEF,AGEV
GTA,AGOK
GZO,AGGN
KUE,AGKU
MNY,AGGO
MUA,AGGM
RBV,AGRM
RIN,AGRC
RRI,
VEV,AGBA
VIU,
BDI,FSSB
DEI,FSSD
DES,FSDR
FRK,FSSF
PRI,FSPP
SEZ,FSIA
HGI,HSFA
RSS,HSDZ
ADV,
DNI,HSWD
GBU,HSKG
GSU,HSGF
KSL,HSKA
NHF,HSNW
KRT,HSSK
ELF,HSFS
DOG,HSDN
EDB,HSDB
MWE,HSMN
WHF,HSSW
PZU,HSPN
ATB,HSAT
DNX,HSGG
UYL,HSNN
BJE,
EBD,HSOB
KDX,HSLI
NUD,HSNH
EGN,HSGN
ZLX,HSZA
KST,HSKI
RNB,ESDF
BLE,ESSD
IDB,ESUE
MXX,ESKM
GVX,ESSK
HUV,ESNH
SOO,ESNY
VBY,ESSV
HAD,ESMT
EVG,ESND
OSD,ESNZ
JKG,ESGJ
HLF,ESSF
KLR,ESMQ
OSK,ESMO
VVK,ESSW
VXO,ESMX
AJR,ESNX
GEV,ESNG
KRN,ESNQ
LLA,ESPA
PJA,ESUP
KSK,ESKK
ORB,ESOE
LPI,ESSL
NRK,ESSP
AGH,ESTA
KID,ESMK
EKT,ESSU
ARN,ESSA
HFS,ESOH
KSD,ESOK
SCR,
TYF,ESST
HMV,ESUT
LYC,ESNL
SFT,ESNS
SQO,ESUD
UME,ESNU
VHM,ESNV
KRF,ESNK
OER,ESNO
SDL,ESNN
GOT,ESGG
GSE,ESGP
KVB,ESGR
LDK,ESGL
THN,ESGT
QPG,WSAP
SIN,WSSS
TGA,WSAT
XSP,WSSL
ASI,FHAW
HLE,FHSH
LYR,ENSB
LUE,LZLU
SLD,LZSL
BTS,LZIB
POW,LJPZ
KSC,LZKZ
MBX,LJMB
POV,LZPW
TAT,LZTT
LJU,LJLJ
PZY,LZPP
ILZ,LZZI
KEN,GFKE
WYE,GFYE
KBA,GFKB
BTE,GFBN
GBK,GFGK
KBS,GFBO
FNA,GFLL
HGS,GFHA
DKR,GOOY
KLC,GOOK
KGG,GOTK
KDA,GODK
MAX,GOSM
POD,GOSP
RDT,GOSR
XLS,GOSS
BXE,GOTB
NIK,
SMY,GOTS
TUD,GOTT
DSS,GOBD
CSK,GOGS
ZIG,GOGG
BXX,
MGQ,HCMM
ALU,HCMA
BSA,HCMF
CMS,HCMS
CXN,HCMC
GSR,HCMG
BIB,HCMB
AAD,
BSY,HCMD
GBM,
LGX,HCMJ
KMU,HCMK
CMO,HCMO
GLK,HCMR
GGR,
HCM,HCME
ERA,HCMU
LKR,
BUO,HCMV
BBO,HCMI
HGA,HCMH
TOT,SMCO
ABN,SMBN
MOJ,SMMO
AGI,SMWA
ICK,SMNI
PBM,SMJP
ORG,SMZO
AAJ,SMCA
BTO,
DOE,
DRJ,SMDA
KCB,SMTP
LDO,SMDO
OEM,SMPA
SMZ,SMST
WSO,SMWS
JUB,HJJJ
RBX,HSMK
AEE,
MAK,HSSM
WUU,HSWW
PCP,FPPR
TMS,FPST
ILS,MSSS
SAL,MSLP
SXM,TNCM
KAC,OSKL
LTK,OSLK
DEZ,OSDZ
DAM,OSDI
ALP,OSAP
PMS,OSPR
MTS,FDMS
SHO,FDSK
GDT,MBGT
MDS,MBMC
NCA,MBNC
PIC,MBPI
PLS,MBPV
SLX,MBSY
XSC,MBSC
ATV,FTTI
OUM,
FYT,FTTY
OUT,FTTS
MEF,
MVO,FTTM
BKR,FTTK
NDJ,FTTJ
AMO,FTTU
OTC,FTTL
MQQ,FTTD
PLF,FTTP
OGR,FTTB
SRH,FTTA
AEH,FTTC
AKM,
AMC,FTTN
AOD,
LTC,FTTH
LRL,DXNG
LFW,DXXX
BFV,VTUO
PMM,
CNX,VTCC
CEI,VTCT
PYX,VTBF
CJM,VTSE
KKC,VTUK
KBV,VTSG
BKK,VTBS
DMK,VTBD
LPT,VTCL
LOE,VTUL
KKM,VTBL
HGN,VTCH
PYY,
KDT,VTBK
KOP,VTUW
NAK,VTUQ
TKH,VTPI
NST,VTSF
NNT,VTCN
NAW,VTSC
PAN,VTSK
PHY,VTPB
PHS,VTPP
PRH,VTCP
HKT,VTSP
HHQ,VTPH
UNN,VTSR
UTP,VTBU
ROI,VTUV
SNO,VTUI
HDY,VTSS
SGZ,VTSH
THS,VTPO
URT,VTSB
USM,VTSM
PXR,VTUJ
MAQ,VTPM
TKT,VTPT
TST,VTST
TDX,VTBO
UBP,VTUU
UTH,VTUD
UTR,VTPU
DYU,UTDD
KQT,UTDT
TJU,UTDK
LBD,UTDL
AUT,WPAT
BCH,WPEC
DIL,WPDL
KCI,
MPT,WPMN
OEC,WPOC
UAI,WPDB
VIQ,WPVQ
BKN,
KRW,UTAK
ASB,UTAA
TAZ,UTAT
CRZ,UTAV
MYP,UTAM
GAE,DTTG
GAF,DTTF
TBJ,DTKA
DJE,DTTJ
MIR,DTMB
SFA,DTTX
NBE,DTNH
EBM,DTTR
TOE,DTTZ
TUN,DTTA
HPA,NFTL
NFO,NFTO
NTT,NFTP
EUA,NFTE
TBU,NFTF
VAV,NFTV
ADA,LTAF
UAB,LTAG
ADF,LTCP
AFY,LTAH
AJI,LTCO
MZH,LTAP
ANK,LTAD
ESB,LTAC
AYT,LTAI
GZP,LTFG
CII,LTBD
BDM,LTBG
BZI,LTBF
EDO,LTFD
BAL,LTCJ
BGG,LTCU
BTZ,LTBE
YEI,LTBR
CKZ,LTBH
GKD,LTFK
DNZ,LTAY
DIY,LTCC
EZS,LTCA
ERC,LTCD
ERZ,LTCE
AOE,LTBY
ESK,LTBI
GZT,LTAJ
YKO,LTCW
HTY,LTDA
IGD,LTCT
ISE,LTFC
ISL,LTBA
IST,LTFM
SAW,LTFJ
KCM,LTCN
KSY,LTCF
KFS,LTAL
ASR,LTAU
KCO,LTBQ
KYA,LTAN
KZR,LTBZ
MLX,LTAT
MQM,LTCR
BJV,LTFE
BXN,LTBV
DLM,LTBS
MSR,LTCK
NAV,LTAZ
OGU,LTCB
RZV,LTFO
SZF,LTFH
GNY,LTCS
SFQ,LTCH
SXZ,LTCL
NOP,LTCM
NKT,LTCV
VAS,LTAR
TEQ,LTBU
TJK,LTAW
TZX,LTCG
USQ,LTBO
VAN,LTCI
ONQ,LTAS
POS,TTPP
TAB,TTCP
FUN,NGFU
CYI,RCKU
HSZ,RCPO
HUN,RCYU
DSX,RCLM
KHH,RCKH
KNH,RCBS
LZN,RCFG
MFK,RCMT
CMJ,RCCM
MZG,RCQC
WOT,RCWA
HCN,RCKW
PIF,RCDC
RMQ,RCMQ
TNN,RCNN
TSA,RCSS
GNI,RCGI
KYD,RCLY
TTT,RCFN
TPE,RCTP
ARK,HTAR
LKY,HTLM
DAR,HTDA
DOD,HTDO
GIT,HTGE
IRI,HTIR
BKZ,HTBU
TKQ,HTKA
JRO,HTKJ
PMA,HTPE
KIY,HTKI
LDI,HTLI
NCH,HTNA
GTZ,HTGR
MUZ,HTMU
MBI,HTMB
ZNZ,HTZA
MYW,HTMT
XMI,HTMI
MWZ,HTMW
JOM,HTNJ
MFA,HTMA
SUT,HTSU
SGX,HTSO
MWN,HTMD
SHY,HTSY
SEU,HTSN
TBO,HTTB
TGT,HTTG
KHC,UKFK
SIP,UKFF
CKC,UKKE
CEJ,UKKL
CWC,UKLN
DNK,UKDD
KWG,UKDR
DOK,UKCC
KRQ,UKCK
MPW,UKCM
IFO,UKLI
HRK,UKHH
KHE,UKOH
HMJ,UKLH
KCP,
KGO,UKKG
IEV,UKKK
KBP,UKBB
SEV,
VSG,UKCW
LWO,UKLL
NLV,UKON
ODS,UKOO
KHU,
MXR,
PLV,UKHP
RWN,UKLR
UKS,UKFB
UMY,UKHS
TNL,UKLT
VIN,UKWW
UCK,UKLC
UDJ,UKLU
ERD,UKDB
OZH,UKDE
ZTR,UKKV
RUA,HUAR
ULU,HUGU
JIN,HUJI
KBG,HUKF
EBB,HUEN
KHX,
KSE,HUKS
KCU,HUMI
MBQ,HUMA
OYG,
PAF,HUPA
SRT,HUSO
TRY,HUTO
AWK,PWAK
AIV,KAIV
ALX,KALX
ANB,KANB
ASN,KASN
AUO,KAUO
BFM,KBFM
BHM,KBHM
DCU,KDCU
DHN,KDHN
ETS,KEDN
EUF,KEUF
GAD,KGAD
GUF,KJKA
HAB,KHAB
HSV,KHSV
HUA,KHUA
MGM,KMGM
MOB,KMOB
MSL,KMSL
MVC,KMVC
MXF,KMXF
NHX,KNBJ
OZR,KOZR
PLR,KPLR
SEM,KSEM
TCL,KTCL
TGE,
TOI,KTOI
ABL,PAFM
ADK,PADK
ADQ,PADQ
ADR,KPHH
AET,PFAL
AGN,PAGN
AIN,PAWI
AKB,PAAK
AKI,PFAK
AKK,PAKH
AKN,PAKN
AKP,PAKP
ALZ,
ANC,PANC
ANI,PANI
ANN,PANT
ANV,PANV
AOS,
AQY,
ARC,PARC
ATK,PATQ
ATT,
ATU,PAAT
AUK,
BCC,
BET,PABE
BGQ,PAGQ
BIG,PABI
BKC,PABL
BKF,
BMX,PABM
BNF,
BQV,
BRW,PABR
BSW,
BTI,PABA
BTT,PABT
BVU,PABG
BYA,
CDB,PACD
CDL,
CDV,PACV
CEM,PACE
CEX,
CGA,
CHP,
CHU,
CIK,PACI
CIL,
CKD,
CKU,
CKX,
CLP,PFCL
CXC,
CXF,PACX
CYF,PACK
CYM,
CYT,PACY
CZC,
CZF,PACZ
CZN,
CZO,
CZP,
DCK,
DJN,
DLG,PADL
DRF,
DRG,PADE
DUT,PADU
EAA,PAEG
EDA,
EDF,PAED
EEK,PAEE
EGX,PAII
EHM,PAEH
EIL,PAEI
ELI,PFEL
ELV,PAEL
ELW,
EMK,PAEM
ENA,PAEN
ENN,PANN
EXI,
FAI,PAFA
FAK,
FBK,PAFB
FLT,
FNR,PANR
FRN,PAFR
FWL,PAFW
FYU,PFYU
GAL,PAGA
GAM,PAGM
GBH,PAGB
GDH,
GKN,PAGK
GLV,PAGL
GMT,PAGZ
GNU,
GST,PAGS
HBH,
HCR,PAHC
HED,
HGZ,
HKB,
HNH,PAOH
HNS,PAHN
HOM,PAHO
HPB,PAHP
HSL,PAHL
HUS,PAHU
HWI,
HYG,PAHY
HYL,
IAN,PAIK
ICY,
IGG,PAIG
IKO,PAKO
ILI,PAIL
IRC,PACR
JBT,
JLA,
JNU,PAJN
KAE,PAFE
KAL,PAKV
KBC,
KBE,
KBW,
KCC,
KCL,
KCN,
KCQ,
KCR,
KDK,PAKD
KEB,
KEK,
KFP,PAKF
KGK,PAJZ
KGX,
KGZ,
KIB,
KKA,PAKK
KKB,
KKH,PADY
KKI,
KKK,
KKL,
KKU,
KLG,PALG
KLL,
KLN,PALB
KLW,PAKW
KMO,PAMB
KMY,
KNW,PANW
KOT,PFKO
KOY,
KOZ,
KPB,
KPC,PAPC
KPN,PAKI
KPR,
KPV,PAPE
KPY,
KQA,
KSM,PASM
KTB,
KTH,
KTN,PAKT
KTS,PFKT
KUK,PFKA
KVC,PAVC
KVL,PAVL
KWF,
KWK,PAGG
KWN,PAQH
KWP,
KWT,PFKW
KXA,
KYK,PAKY
KYU,PFKU
KZB,
LIV,
LKK,PAKL
LMA,PAMH
LNI,PALN
LUR,PALU
LVD,
MCG,PAMC
MCL,PAIN
MDO,PAMD
MLL,PADM
MLY,PAML
MNT,
MOS,
MOU,PAMO
MRI,PAMR
MTM,PAMM
MTX,PABK
MXY,PAMX
MYK,
MYU,PAMY
NCN,PFCB
NIB,PAFS
NIN,
NKI,
NLG,PAOU
NME,PAGT
NNK,
NNL,PANO
NUI,PAQT
NUL,PANU
NUP,
OBU,PAOB
OLH,
OME,PAOM
OOK,PAOO
ORI,KORI
ORT,PAOR
ORV,PFNO
OTZ,PAOT
PAQ,PAAQ
PCA,PAOC
PDB,
PEC,
PGM,
PHO,PAPO
PIP,PAPN
PIZ,PPIZ
PKA,PAPK
PML,PAAL
PPC,PAPR
PPV,
PQS,
PSG,PAPG
PTA,PALJ
PTC,
PTD,PAAP
PTH,PAPH
PTU,PAPM
PWR,
PYL,
RBY,PARY
RDB,PADG
RDV,
RMP,
RSH,PARS
SCC,PASC
SCM,PACM
SDP,PASD
SGW,
SGY,PAGY
SHG,PAGH
SHH,PASH
SHX,PAHX
SIT,PASI
SKK,PFSH
SKW,PASW
SLQ,PASL
SMK,PAMK
SMU,PASP
SNP,PASN
SOL,
SOV,PASO
SRV,
STG,PAPB
SVA,PASA
SVS,
SVW,PASV
SWD,PAWD
SXP,
SXQ,PASX
SYA,PASY
SYB,
TAL,PATA
TCT,
TEH,
TEK,
TKA,PATK
TKE,
TKI,
TKJ,PFTO
TKL,
TLA,PATE
TLF,
TLJ,PATL
TLT,
TNC,PATC
TNK,
TOG,PATG
TSG,
TWA,
TWE,
TYE,
UGB,
UGI,
UGS,
UMM,PAST
UMT,PAUM
UNK,PAUN
UTO,PAIM
UUK,PAKU
VAK,PAVA
VDZ,PAVD
VEE,PAVE
WAA,PAIW
WBB,
WBQ,PAWB
WCR,PALR
WFB,
WHD,
WKK,
WLK,PASK
WLR,
WMK,
WMO,PAWM
WNA,PANA
WOW,PAUO
WRG,PAWG
WSB,
WSF,PACS
WSM,
WSN,PFWS
WTK,PAWN
WTL,
WWA,PAWS
WWP,
WWT,PAEW
WYB,
YAK,PAYA
ZNC,
AVW,KAVQ
AZA,KIWA
BGT,
BSQ,
BXK,KBXK
CFT,KCFT
CGZ,KCGZ
CTW,
CWX,
DGL,KDGL
DMA,KDMA
DUG,KDUG
DVT,KDVT
FHU,KFHU
FLG,KFLG
GCN,KGCN
GCW,
GLB,
GYR,KGYR
HBK,
HII,KHII
IFP,KIFP
IGM,KIGM
INW,KINW
LGF,KLGF
LUF,KLUF
MSC,KFFZ
MVM,
MYH,
MZJ,KMZJ
OLS,KOLS
PGA,KPGA
PGS,
PHX,KPHX
PJB,KPAN
PRC,KPRC
PXL,
SAD,KSAD
SCF,KSDL
SDX,KSEZ
SJN,KSJN
SOW,KSOW
TBC,
TUS,KTUS
TYZ,KTYL
VLE,
WTR,
YUM,KNYL
AGO,KAGO
ARG,KARG
AWM,KAWM
BVX,KBVX
BYH,KBYH
CDH,KCDH
CKK,KCVK
CRT,KCRT
ELD,KELD
FCY,KFCY
FLP,KFLP
FSM,KFSM
FYV,KFYV
HEE,KHEE
HKA,KHKA
HOT,KHOT
HRO,KHRO
JBR,KJBR
LIT,KLIT
LRF,KLRF
MPJ,KMPJ
MXA,KMXA
PBF,KPBF
PGR,KPGR
ROG,KROG
SGT,KSGT
SLG,KSLG
SPZ,KASG
SRC,KSRC
TXK,KTXK
WMH,KBPK
XNA,KXNA
ACV,KACV
AHC,KAHC
APC,KAPC
APV,KAPV
AUN,KAUN
AVX,KAVX
BAB,KBAB
BFL,KBFL
BIH,KBIH
BLH,KBLH
BLU,KBLU
BNG,KBNG
BUR,KBUR
BWC,KBWC
BXS,
BYS,KBYS
BZF,
CCB,KCCB
CCR,KCCR
CEC,KCEC
CIC,KCIC
CKE,
CLD,KCRQ
CLG,
CLR,KCLR
CNO,KCNO
COA,
CPM,KCPM
CRO,KCRO
CXL,KCXL
DAG,KDAG
DTH,
EDW,KEDW
EED,KEED
EKA,KEKA
EMT,KEMT
FAT,KFAT
FCH,KFCH
FOB,
FUL,KFUL
GNF,
HAF,KHAF
HHR,KHHR
HLI,KCVH
HMT,KHMT
HWD,KHWD
IPL,KIPL
IYK,KIYK
KIC,KKIC
LAX,KLAX
LGB,KLGB
LPC,KLPC
LSN,KLSN
LVK,KLVK
MAE,KMAE
MCC,KMCC
MCE,KMCE
MER,KMER
MHR,KMHR
MHS,
MHV,KMHV
MIT,KMIT
MMH,KMMH
MOD,KMOD
MRY,KMRY
MYF,KMYF
MYV,KMYV
NJK,KNJK
NKX,KNKX
NLC,KNLC
NLN,
NOT,KDVO
NRC,KNRC
NRS,KNRS
NTD,KNTD
NUQ,KNUQ
NVN,
NZY,KNZY
OAK,KOAK
OAR,KOAR
OCN,KOKB
ODC,
ONT,KONT
OVE,KOVE
OXR,KOXR
PAO,KPAO
PMD,KPMD
POC,KPOC
PRB,KPRB
PSP,KPSP
PTV,KPTV
PVF,KPVF
PYS,
RAL,KRAL
RBF,
RBK,
RBL,KRBL
RDD,KRDD
RHV,KRHV
RIR,KRIR
RIV,KRIV
RMY,KMPI
ROF,
SAC,KSAC
SAN,KSAN
SAS,KSAS
SBA,KSBA
SBD,KSBD
SBP,KSBP
SCK,KSCK
SDM,KSDM
SEE,KSEE
SFO,KSFO
SIY,KSIY
SJC,KSJC
SMF,KSMF
SMO,KSMO
SMX,KSMX
SNA,KSNA
SNS,KSNS
SPA,KSPA
SQA,KIZA
SQL,KSQL
SRF,
STS,KSTS
SUM,KSMS
SUU,KSUU
SVE,KSVE
SZN,KSZN
SZP,KSZP
TKF,KTRK
TLR,KTLR
TNP,KTNP
TOA,KTOA
TRH,
TRM,KTRM
TSP,KTSP
TVL,KTVL
UDD,KUDD
UKI,KUKI
VBG,KVBG
VCV,KVCV
VIS,KVIS
VNY,KVNY
WHP,KWHP
WJF,KWJF
WLW,KWLW
WVI,KWVI
AFF,KAFF
AKO,KAKO
ALS,KALS
AMK,
APA,KAPA
ASE,KASE
BFK,KBKF
BJC,KBJC
CEZ,KCEZ
CIG,KCAG
CNE,
COS,KCOS
CSE,
DEN,KDEN
DRO,KDRO
EGE,KEGE
FCS,KFCS
FNL,KFNL
GJT,KGJT
GUC,KGUC
GWS,KGWS
GXY,KGXY
HDN,KHDN
LAA,KLAA
LIC,KLIC
LXV,KLXV
MTJ,KMTJ
PGO,KPSO
PUB,KPUB
RIL,KRIL
RNG,
SBS,KSBS
SLT,KANK
STK,KSTK
TAD,KTAD
TEX,KTEX
WBU,KBDU
WPO,
BDL,KBDL
BDR,KBDR
DXR,KDXR
GON,KGON
HFD,KHFD
HVN,KHVN
OXC,KOXC
DOV,KDOV
GED,KGED
ILG,KILG
AAF,KAAF
APF,KAPF
AVO,KAVO
BCT,KBCT
BOW,KBOW
CDK,KCDK
CEW,KCEW
CLW,KCLW
COF,KCOF
COI,KCOI
CRG,KCRG
CTY,KCTY
DAB,KDAB
DSI,KDTS
ECP,KECP
EGI,KEGI
EYW,KEYW
FLL,KFLL
FMY,KFMY
FPR,KFPR
FPY,
FXE,KFXE
GIF,KGIF
GNV,KGNV
HST,KHST
HWO,KHWO
IMM,KIMM
ISM,KISM
JAX,KJAX
KYO,
LAL,KLAL
LCQ,KLCQ
LEE,KLEE
LNA,KLNA
MCF,KMCF
MCO,KMCO
MIA,KMIA
MLB,KMLB
MPB,
MRK,KMKY
MTH,KMTH
NEN,KNEN
NIP,KNIP
NPA,KNPA
NQX,KNQX
NRB,KNRB
NSE,KNSE
NUN,KNUN
OBE,KOBE
OCA,
OCF,KOCF
OPF,KOPF
ORL,KORL
PAM,KPAM
PBI,KPBI
PGD,KPGD
PHK,KPHK
PIE,KPIE
PNS,KPNS
PPM,KPMP
RSW,KRSW
SEF,KSEF
SFB,KSFB
SPG,KSPG
SRQ,KSRQ
SUA,KSUA
TIX,KTIX
TLH,KTLH
TMB,KTMB
TNT,KTNT
TPA,KTPA
TPF,KTPF
UST,KSGJ
VNC,KVNC
VPS,KVPS
VQQ,KVQQ
VRB,KVRB
ZPH,KZPH
ABY,KABY
AGS,KAGS
AHN,KAHN
ATL,KATL
AYS,KAYS
BGE,KBGE
BQK,KBQK
CSG,KCSG
DBN,KDBN
DNL,KDNL
DNN,KDNN
FTY,KFTY
GVL,KGVL
LGC,KLGC
LIY,KLHW
LSF,KLSF
LZU,KLZU
MAC,KMAC
MCN,KMCN
MGE,KMGE
MGR,KMGR
MLJ,KMLJ
MQW,KMQW
MUL,KMUL
PDK,KPDK
PIM,KPIM
RMG,KRMG
SAV,KSAV
SSI,KSSI
SVN,KSVN
SYV,KSYV
TBR,KTBR
TMA,KTMA
TOC,KTOC
TVI,KTVI
VAD,KVAD
VDI,KVDI
VLD,KVLD
WDR,KWDR
WRB,KWRB
BKH,PHBK
BSF,PHSF
FTI,NSFQ
HDH,PHDH
HHI,PHHI
HNL,PHNL
HNM,PHHN
HPV,
ITO,PHTO
JHM,PHJH
JRF,PHJR
KOA,PHKO
LIH,PHLI
LNY,PHNY
LUP,PHLU
MDY,PMDY
MKK,PHMK
MUE,PHMU
NGF,PHNG
OGG,PHOG
PAK,PHPA
UPP,PHUP
WKL,
BOI,KBOI
BYI,KBYI
CHL,KLLJ
COE,KCOE
DBS,
GNG,KGNG
ICS,
IDA,KIDA
IDH,KGIC
LWS,KLWS
MLD,KMLD
MUO,KMUO
MYL,KMYL
PIH,KPIH
RXE,KRXE
SMN,KSMN
SUN,KSUN
TWF,KTWF
ALN,KALN
AUZ,KARR
BDF,
BLV,KBLV
BMI,KBMI
CIR,KCIR
CMI,KCMI
CPS,KCPS
DEC,KDEC
DNV,KDNV
DPA,KDPA
DVN,KDVN
ENL,KENL
EOK,KEOK
FEP,KFEP
GBG,KGBG
GRE,KGRE
HSB,KHSB
IJX,KIJX
IKK,KIKK
JOT,KJOT
LOT,KLOT
LWV,KLWV
MDH,KMDH
MDW,KMDW
MLI,KMLI
MQB,KMQB
MTO,KMTO
MVN,KMVN
MWA,KMWA
OLY,KOLY
ORD,KORD
PIA,KPIA
RFD,KRFD
SAR,KSAR
SLO,KSLO
SPI,KSPI
SQI,KSQI
UGN,KUGN
UIN,KUIN
VLA,KVLA
VYS,KVYS
AID,KAID
ANQ,KANQ
BFR,KBFR
BMG,KBMG
CEV,KCEV
CLU,KBAK
EKI,KEKM
EVV,KEVV
FRH,KFRH
FWA,KFWA
GBI,VOGB
GFD,KGFD
GSH,KGSH
GUS,KGUS
HLB,KHLB
HNB,KHNB
IND,KIND
KKT,
LAF,KLAF
LPO,KPPO
MDN,KIMS
MGC,KMGC
MIE,KMIE
MZZ,KMZZ
OKK,KOKK
OTN,
PLY,
RCR,KRCR
RID,KRID
RNZ,KRZL
SBN,KSBN
SER,KSER
SIV,KSIV
SMD,KSMD
VPZ,KVPZ
AIO,KAIO
ALO,KALO
AMW,KAMW
AXG,KAXA
BNW,KBNW
BRL,KBRL
CBF,KCBF
CCY,KCCY
CID,KCID
CIN,KCIN
CSQ,KCSQ
CWI,KCWI
DBQ,KDBQ
DEH,KDEH
DNS,KDNS
DSM,KDSM
EBS,KEBS
EFW,KEFW
EST,KEST
FFL,KFFL
FMS,KFSW
FOD,KFOD
FXY,KFXY
HPT,KHPT
HUD,
ICL,KICL
IDG,KIDG
IFA,KIFA
IOW,KIOW
LRJ,KLRJ
MCW,KMCW
MIW,KMIW
MPZ,KMPZ
MUT,KMUT
MXO,KMXO
OMA,KOMA
OOA,KOOA
OTM,KOTM
POH,KPOH
PRO,KPRO
RTL,
SLB,KSLB
SPW,KSPW
SUX,KSUX
TNU,KTNU
UKN,
ANY,KANY
BEC,KBEC
CBK,KCBK
CEA,KCEA
CFV,KCFV
CNK,KCNK
CNU,KCNU
DDC,KDDC
EDK,KEQA
EMP,KEMP
EWK,KEWK
FLV,KFLV
FOE,KFOE
FRI,KFRI
FSK,KFSK
GBD,KGBD
GCK,KGCK
GLD,KGLD
HLC,KHLC
HUT,KHUT
HYS,KHYS
IAB,KIAB
ICT,KICT
IDP,KIDP
JCI,KIXD
LBL,KLBL
LWC,KLWC
LYO,KLYO
MHK,KMHK
MPR,KMPR
OJC,KOJC
PPF,KPPF
PTS,KPTS
PTT,KPTT
RSL,KRSL
SLN,KSLN
TOP,KTOP
WLD,KWLD
BRY,KBRY
BWG,KBWG
CEY,KCEY
CVG,KCVG
EKX,KEKX
FFT,KFFT
FTK,KFTK
GLW,KGLW
HOP,KHOP
LEX,KLEX
LOU,KLOU
LOZ,KLOZ
OWB,KOWB
PAH,KPAH
PVL,KPBX
SDF,KSDF
SME,KSME
AEX,KAEX
ARA,KARA
BAD,KBAD
BCS,
BTR,KBTR
BXA,KBXA
CWF,KCWF
DRI,KDRI
DTN,KDTN
ESF,KESF
HUM,KHUM
LCH,KLCH
LFT,KLFT
MLU,KMLU
MSY,KMSY
NBG,KNBG
NEW,KNEW
OPL,KOPL
POE,KPOE
PTN,KPTN
RSN,KRSN
SHV,KSHV
UCE,
AUG,KAUG
BGR,KBGR
BHB,KBHB
CAR,KCAR
FRY,KIZG
HUL,KHUL
ISS,KIWI
LEW,KLEW
LIZ,
MLT,KMLT
NHZ,KBXM
OLD,KOLD
OWK,KOWK
PNN,KPNN
PQI,KPQI
PWM,KPWM
RKD,KRKD
SFM,KSFM
WFK,KFVE
WVL,KWVL
ADW,KADW
ANP,KANP
APG,KAPG
BWI,KBWI
CBE,KCBE
CGE,KCGE
CGS,KCGS
ESN,KESN
FDK,KFDK
FME,KFME
GAI,KGAI
HGR,KHGR
LTW,
MTN,KMTN
NHK,KNHK
OCE,KOXB
SBY,KSBY
ACK,KACK
ARE,TJAB
BAF,KBAF
BED,KBED
BOS,KBOS
BQN,TJBQ
BVY,KBVY
CPX,TJCP
EWB,KEWB
FAJ,TJFA
FMH,KFMH
GBR,KGBR
GDM,KGDM
HUC,
HYA,KHYA
LWM,KLWM
MAZ,TJMZ
MMN,
MVY,KMVY
MXG,
NRR,TJRV
ORH,KORH
OWD,KOWD
PMX,
PSF,KPSF
PVC,KPVC
PYM,KPYM
UWA,
VQS,TJVQ
ACB,KACB
ADG,KADG
AMN,KAMN
APN,KAPN
ARB,KARB
AZO,KAZO
BEH,KBEH
BTL,KBTL
CAD,KCAD
CIU,KCIU
CMX,KCMX
DRE,KDRM
DTW,KDTW
ECA,
ESC,KESC
FNT,KFNT
GDW,KGDW
GLR,KGLR
GRR,KGRR
HAI,KHAI
HLM,KHLM
HTL,KHTL
IMT,KIMT
IRS,KIRS
ISQ,KISQ
IWD,KIWD
JXN,KJXN
LAN,KLAN
LDM,KLDM
MBL,KMBL
MBS,KMBS
MCD,KMCD
MKG,KMKG
MNM,KMNM
MOP,KMOP
MQT,KSAW
MTC,KMTC
NLE,
OSC,KOSC
PHN,KPHN
PLN,KPLN
PTK,KPTK
RCT,KRCT
TVC,KTVC
TZC,KCFS
WBK,
WBR,KRQB
AEL,KAEL
AUM,KAUM
AXN,KAXN
BBB,KBBB
BDE,KBDE
BJI,KBJI
BRD,KBRD
CKN,KCKN
DLH,KDLH
DTL,KDTL
EVM,KEVM
FBL,KFBL
FCM,KFCM
FFM,KFFM
FRM,KFRM
GPZ,KGPZ
GRM,KCKC
HIB,KHIB
ILL,KBDH
INL,KINL
LYU,KELO
MIC,KMIC
MJQ,KMJQ
MKT,KMKT
MML,KMML
MOX,KMOX
MSP,KMSP
MVE,KMVE
MWM,KMWM
NSL,KDVP
ONA,KONA
OTG,KOTG
OWA,KOWA
PKD,KPKD
ROX,KROX
RRT,KRRT
RST,KRST
RWF,KRWF
STC,KSTC
STP,KSTP
SYN,KSYN
TVF,KTVF
ULM,KULM
BIX,KBIX
CBM,KCBM
CKM,KCKM
CRX,KCRX
DXE,KMBO
GLH,KGLH
GPT,KGPT
GTR,KGTR
GWO,KGWO
HBG,KHBG
HEZ,KHEZ
HKS,KHKS
JAN,KJAN
LMS,KLMS
LUL,KLUL
MCB,KMCB
MEI,KMEI
MMS,KMMS
OLV,KOLV
OSX,KOSX
PCU,
PGL,KPQL
PIB,KPIB
RFK,
TUP,KTUP
UBS,KUBS
UOX,KUOX
UTM,KUTA
VKS,KVKS
AIZ,KAIZ
BKG,KBBG
BUM,KBUM
CGI,KCGI
COU,KCOU
DMO,KDMO
EOS,KEOS
FAM,KFAM
IRK,KIRK
JEF,KJEF
JLN,KJLN
KNK,PFKK
KNT,KTKX
MAW,KMAW
MBY,KMBY
MCI,KMCI
MHL,KMHL
MKC,KMKC
NVD,KNVD
OSB,
PLK,KPLK
POF,KPOF
SGF,KSGF
SIK,KSIK
STJ,KSTJ
STL,KSTL
SUS,KSUS
SZL,KSZL
TBN,KTBN
TRX,KTRX
VIH,KVIH
VRS,
BDX,
BIL,KBIL
BTM,KBTM
BZN,KBZN
CTB,KCTB
DLN,KDLN
DRU,
FCA,KGPI
GDV,KGDV
GGW,KGGW
GTF,KGTF
HLN,KHLN
HVR,KHVR
JDN,KJDN
LVM,KLVM
LWT,KLWT
MLK,
MLS,KMLS
MSO,KMSO
OLF,KOLF
PWD,KPWD
RPX,KRPX
SBX,KSBX
SDY,KSDY
THM,KTHM
WYS,KWYS
AHF,
AIA,KAIA
ANW,KANW
BBW,KBBW
BFF,KBFF
BIE,KBIE
BUB,KBUB
CDR,KCDR
EAR,KEAR
EPG,
FBY,KFBY
FET,KFET
GRI,KGRI
GRN,KGRN
HDE,KHDE
HSI,KHSI
IML,KIML
LBF,KLBF
LNK,KLNK
LXN,KLXN
MCK,KMCK
MHN,KMHN
MIQ,KMLE
OFF,KOFF
OFK,KOFK
OGA,KOGA
OKS,KOKS
OLU,KOLU
ONL,KONL
SCB,KSCB
SNY,KSNY
VTN,KVTN
ASQ,
BAM,KBAM
BLD,
BTY,KBTY
CSN,KCXP
DRA,KDRA
EKO,KEKO
ELY,KELY
EUE,
EYR,
FLX,KFLX
GAB,KGAB
HSH,KHND
HTH,KHTH
INS,KINS
KPT,
LAS,KLAS
LOL,KLOL
LSV,KLSV
LWL,KLWL
MEV,KMEV
MFH,
NFL,KNFL
RNO,KRNO
TPH,KTPH
UCC,KUCC
VGT,KVGT
WMC,KWMC
XSD,KTNX
AFN,KAFN
ASH,KASH
BML,KBML
CNH,KCNH
CON,KCON
EEN,KEEN
ERR,KERR
HIE,KHIE
LCI,KLCI
LEB,KLEB
MHT,KMHT
NWH,
PSM,KPSM
ACY,KACY
BLM,KBLM
CDW,KCDW
EWR,KEWR
JVI,
LDJ,KLDJ
LLY,KVAY
MIV,KMIV
MJX,KMJX
MMU,KMMU
NEL,KNEL
PCT,
TEB,KTEB
TTN,KTTN
WRI,KWRI
WWD,KWWD
ABQ,KABQ
ALM,KALM
ATS,KATS
AXX,KAXX
CAO,KCAO
CNM,KCNM
CVN,KCVN
CVS,KCVS
DMN,KDMN
ESO,
FMN,KFMN
FSU,KFSU
GNT,KGNT
GUP,KGUP
HBB,
HMN,KHMN
HOB,KHOB
LAM,KLAM
LRU,KLRU
LSB,KLSB
LVS,KLVS
ONM,KONM
ROW,KROW
RTN,KRTN
RUI,KSRR
SAF,KSAF
SVC,KSVC
TCC,KTCC
TCS,KTCS
TSM,KSKX
WSD,KWSD
ALB,KALB
ART,KART
AXB,
BGM,KBGM
BUF,KBUF
COP,
CTO,
CTX,
DKK,KDKK
DSV,KDSV
ELM,KELM
ELZ,KELZ
FID,
FOK,KFOK
FRG,KFRG
GFL,KGFL
HCC,
HPN,KHPN
HTO,KHTO
IAG,KIAG
ISP,KISP
ITH,KITH
JFK,KJFK
JHW,KJHW
LGA,KLGA
LKP,KLKP
MGJ,KMGJ
MSS,KMSS
MSV,KMSV
MTP,KMTP
OGS,KOGS
OIC,KOIC
OLE,KOLE
ONH,
PBG,KPBG
POU,KPOU
RME,KRME
ROC,KROC
RSX,
SCH,KSCH
SLK,KSLK
SWF,KSWF
SXY,
SYR,KSYR
WSH,KHWV
AVL,KAVL
CLT,KCLT
CTZ,KCTZ
DUF,
ECG,KECG
EDE,KEDE
EWN,KEWN
FAY,KFAY
FBG,KFBG
FFA,KFFA
GSB,KGSB
GSO,KGSO
HFF,KHFF
HKY,KHKY
HNC,KHSE
IKB,KUKF
ILM,KILM
INT,KINT
ISO,KISO
LBT,KLBT
LFN,KLHZ
MEO,KMQI
MRN,KMRN
MXE,KMEB
OAJ,KOAJ
OCW,KOCW
PGV,KPGV
POB,KPOB
QWG,
RDU,KRDU
RWI,KRWI
RZZ,KRZZ
SOP,KSOP
SRW,KRUQ
SVH,KSVH
USA,KJQF
ASY,KASY
BIS,KBIS
BWM,KBPP
DIK,KDIK
DVL,KDVL
FAR,KFAR
GFK,KGFK
ISN,KISN
JMS,KJMS
MIB,KMIB
MOT,KMOT
PMB,KPMB
RDR,KRDR
VEX,
WAH,KBWP
XWA,KXWA
AKC,KAKR
AOH,KAOH
ATO,KUNI
AXV,KAXV
BJJ,KBJJ
BKL,KBKL
CAK,KCAK
CGF,KCGF
CLE,KCLE
CMH,KCMH
DAY,KDAY
DFI,KDFI
FDY,KFDY
FFO,KFFO
GQQ,KGQQ
HAO,KHAO
HTW,KHTW
ILN,KILN
JFN,KHZY
LCK,KLCK
LNN,KLNN
LUK,KLUK
MFD,KMFD
MGY,KMGY
MNN,KMNN
MWO,KMWO
OSU,KOSU
OXD,KOXD
PHD,KPHD
PMH,KPMH
SGH,KSGH
SKY,KSKY
TDZ,KTDZ
TOL,KTOL
YNG,KYNG
ZZV,KZZV
ADM,KADM
ADT,KADH
AHD,
ATE,
AXS,KAXS
BVO,KBVO
BWL,KBKN
CHK,KCHK
CKA,KCKA
CLK,KCLK
CSM,KCSM
CUH,KCUH
DUA,KDUA
DUC,KDUC
ELK,KELK
END,KEND
FDR,KFDR
FSI,KFSI
GAG,KGAG
GOK,KGOK
GUY,KGUY
HBR,KHBR
HUJ,KHHW
LAW,KLAW
LTS,KLTS
MIO,KMIO
MKO,KMKO
MLC,KMLC
NRI,
OKC,KOKC
OKM,KOKM
OUN,KOUN
PNC,KPNC
PWA,KPWA
RKR,KRKR
RVS,KRVS
SNL,KSNL
SUD,KSUD
SWO,KSWO
TIK,KTIK
TUL,KTUL
WDG,KWDG
WWR,KWWR
AHM,
AST,KAST
BDY,
BKE,KBKE
BNO,KBNO
BOK,KBOK
CHZ,
CVO,KCVO
CZK,KCZK
DLS,KDLS
EUG,KEUG
FMU,
GOL,
GTP,
HES,KHRI
HIO,KHIO
JDA,KGCD
LGD,KLGD
LKV,KLKV
LMT,KLMT
MDJ,
MFR,KMFR
ONO,KONO
ONP,KONP
OTH,KOTH
OTK,KTMK
PDT,KPDT
PDX,KPDX
PFC,KPFC
PRZ,
RBG,KRBG
RDM,KRDM
REO,KREO
SLE,KSLE
SUO,
TTD,KTTD
ABE,KABE
AGC,KAGC
AOO,KAOO
AVP,KAVP
BBX,KLOM
BFD,KBFD
BFP,KBVI
BTP,KBTP
CTH,KMQS
DUJ,KDUJ
DYL,KDYL
ERI,KERI
ESP,
FKL,KFKL
GTY,
HAR,KCXY
HZL,KHZL
IDI,KIDI
IPT,KIPT
JST,KJST
LBE,KLBE
LHV,KLHV
LNS,KLNS
MDT,KMDT
MEJ,KGKJ
MPO,KMPO
MUI,KMUI
PHL,KPHL
PIT,KPIT
PNE,KPNE
PSB,KPSB
PSQ,
PTW,KPTW
RDG,KRDG
RED,KRVL
SCE,KUNV
SEG,KSEG
STQ,KOYM
THV,KTHV
UKT,KUKT
WAY,KWAY
WBW,KWBW
WSG,KAFJ
BID,KBID
NCO,KOQU
NPT,KUUU
PVD,KPVD
SFZ,KSFZ
WST,KWST
AIK,KAIK
AND,KAND
BFT,KARW
BNL,KBNL
BTN,KBBP
CAE,KCAE
CDN,KCDN
CEU,KCEU
CHS,KCHS
CRE,KCRE
CUB,KCUB
DLL,KDLC
FLO,KFLO
GDC,KGYH
GGE,KGGE
GMU,KGMU
GRD,KGRD
GSP,KGSP
HCW,KCQW
HHH,KHXD
HVS,KHVS
MMT,KMMT
MYR,KMYR
OGB,KOGB
RBW,KRBW
RKH,KUZA
SSC,KSSC
USC,
ABR,KABR
ATY,KATY
BKX,KBKX
CTK,
FSD,KFSD
HON,KHON
LEM,KLEM
LQK,KLQK
MBG,KMBG
MHE,KMHE
PHP,KPHP
PIR,KPIR
RAP,KRAP
RCA,KRCA
SPF,KSPF
TTO,KBTN
XMD,KMDS
XPR,KIEN
YKN,KYKN
APT,KAPT
BNA,KBNA
CHA,KCHA
CKV,KCKV
CSV,KCSV
FYM,KFYM
GCY,KGCY
GHM,KGHM
GKT,KGKT
MEM,KMEM
MKL,KMKL
MMI,KMMI
MOR,KMOR
MQY,KMQY
MRC,KMRC
NQA,KNQA
PHT,KPHT
RKW,KRKW
RNC,KRNC
SYI,KSYI
THA,KTHA
TRI,KTRI
TYS,KTYS
UCY,KUCY
UOS,KUOS
ABI,KABI
ACT,KACT
ADS,KADS
AFW,KAFW
ALE,
ALI,KALI
AMA,KAMA
ASL,KASL
AUS,KAUS
BBC,KBYY
BBD,KBBD
BGD,KBGD
BIF,KBIF
BKD,KBKD
BMT,KBMT
BPT,KBPT
BRO,KBRO
BWD,KBWD
BZT,
CCG,
CDS,KCDS
CFD,KCFD
CLL,KCLL
CNW,KCNW
COM,KCOM
COT,KCOT
CRP,KCRP
CRS,KCRS
CUX,
CXO,KCXO
CZT,KCZT
DAL,KDAL
DFW,KDFW
DHT,KDHT
DLF,KDLF
DRT,KDRT
DWH,KDWH
DYS,KDYS
EFD,KEFD
EGP,
ELA,KELA
ELP,KELP
ERV,KERV
ETN,KETN
EVA,
FST,KFST
FTW,KFTW
FWH,KNFW
GGG,KGGG
GLE,KGLE
GLS,KGLS
GRK,KGRK
GVT,KGVT
HCA,KBPG
HLR,KHLR
HOU,KHOU
HPY,KHPY
HRL,KHRL
HTV,KUTS
IAH,KIAH
ILE,KILE
INK,KINK
IRB,
IWS,KIWS
JAS,KJAS
JCT,KJCT
JCY,
JKV,KJSO
KIP,KCWC
LBB,KLBB
LFK,KLFK
LJN,KLBX
LRD,KLRD
MAF,KMAF
MDD,KMDD
MFE,KMFE
MGI,
MIF,
MPS,KOSA
MRF,KMRF
MWL,KMWL
NGP,KNGP
NGW,KNGW
NIR,
NQI,KNQI
OCH,KOCH
ONY,KONY
OZA,KOZA
PEQ,KPEQ
PNX,KGYI
PPA,KPPA
PRX,KPRX
PSN,KPSN
PSX,KPSX
PVW,KPVW
RBD,KRBD
RCK,KRCK
REE,
RFG,KRFG
RGR,
RKP,KRKP
RND,KRND
SAT,KSAT
SEP,KSEP
SGR,KSGR
SJT,KSJT
SKF,KSKF
SLR,KSLR
SNK,KSNK
SPS,KSPS
SSF,KSSF
SWW,KSWW
TDW,KTDW
TPL,KTPL
TRL,KTRL
TYR,KTYR
UVA,KUVA
VCT,KVCT
VHN,KVHN
WEA,KWEA
WHT,KARM
WIB,
BCE,KBCE
BDG,KBDG
BFG,
BMC,KBMC
BTF,KBTF
CDC,KCDC
CNY,KCNY
DPG,KDPG
DTA,KDTA
ENV,KENV
FIL,KFOM
GMV,
HIF,KHIF
HVE,KHVE
KNB,KKNB
LGU,KLGU
MLF,KMLF
MSD,
MXC,
NPH,
NTJ,
OGD,KOGD
PNU,
PUC,KPUC
PVU,KPVU
RIF,KRIF
ROL,
RVR,
SBO,
SGU,KSGU
SLC,KSLC
VEL,KVEL
BTV,KBTV
EFK,KEFK
LLX,KCDA
MPV,KMPV
MVL,KMVL
RUT,KRUT
VSF,KVSF
APH,KAPH
BCB,KBCB
BKT,KBKT
CHO,KCHO
DAA,KDAA
DAN,KDAN
DCA,KDCA
DGN,KNDY
FAF,KFAF
FKN,KFKN
FRR,KFRR
GVE,KGVE
HSP,KHSP
IAD,KIAD
LFI,KLFI
LNP,KLNP
LOW,KLKU
LVL,KLVL
LYH,KLYH
MFV,KMFV
MNZ,KHEF
NGU,KNGU
NTU,KNTU
NYG,KNYG
ORF,KORF
PHF,KPHF
PSK,KPSK
PTB,KPTB
RIC,KRIC
ROA,KROA
SHD,KSHD
VJI,KVJI
WAL,KWAL
WGO,KOKV
ALW,KALW
BFI,KBFI
BLI,KBLI
BYW,
CKR,
CLM,KCLM
CLS,KCLS
CWS,
DHB,
DTR,
EAT,KEAT
ELN,KELN
EPH,KEPH
ESD,KORS
ESW,KESW
FBS,
FRD,KFHR
GCD,
GEG,KGEG
GRF,KGRF
HQM,KHQM
KEH,
KLS,KKLS
LKE,
LPS,
MVW,KBVS
MWH,KMWH
NUW,KNUW
ODW,KOKH
OLM,KOLM
OMK,KOMK
OTS,
PAE,KPAE
PSC,KPSC
PUL,
PUW,KPUW
PWT,KPWT
RCE,
RLD,KRLD
RNT,KRNT
RSJ,
SEA,KSEA
SFF,KSFF
SHN,KSHN
SKA,KSKA
SQV,
SSW,
TCM,KTCM
TDO,KTDO
TIW,KTIW
TWD,
UIL,KUIL
WDN,
WSX,
YKM,KYKM
BKW,KBKW
BLF,KBLF
CKB,KCKB
CRW,KCRW
EKN,KEKN
GWV,
HLG,KHLG
HTS,KHTS
LWB,KLWB
MGW,KMGW
MRB,KMRB
ODM,
PGC,
PKB,KPKB
AHH,KAHH
ARV,KARV
ASX,KASX
ATW,KATW
AUW,KAUW
CLI,KCLI
CMY,KCMY
CWA,KCWA
EAU,KEAU
EGV,KEGV
ENW,KENW
ETB,KETB
FLD,KFLD
GRB,KGRB
GTG,KGTG
HYR,KHYR
ISW,KISW
JVL,KJVL
LNR,KLNR
LSE,KLSE
MDF,KMDZ
MFI,KMFI
MKE,KMKE
MSN,KMSN
MTW,KMTW
MWC,KMWC
OEO,KOEO
OSH,KOSH
PCD,KPDC
PKF,KPKF
PRW,
RAC,KRAC
RHI,KRHI
RIE,KRPD
RNH,KRNH
RRL,KRRL
SBM,KSBM
STE,KSTE
SUE,KSUE
SUW,KSUW
UES,KUES
UNU,KUNU
VOK,KVOK
XES,
AFO,KAFO
BPI,KBPI
BYG,KBYG
COD,KCOD
CPR,KCPR
CYS,KCYS
DGW,KDGW
EAN,KEAN
ECS,KECS
EMM,KEMM
EVW,KEVW
FBR,KFBR
GCC,KGCC
GEY,KGEY
JAC,KJAC
LAR,KLAR
LND,KLND
LSK,KLSK
POY,KPOY
PWY,KPNA
RIW,KRIW
RKS,KRKS
RWL,KRWL
SAA,KSAA
SHR,KSHR
THP,KTHP
TOR,KTOR
WRL,KWRL
ATI,SUAG
BUV,SUBU
MLZ,SUMO
CYR,SUCA
DZO,SUDU
PDP,SULS
MVD,SUMU
PDU,SUPU
RVY,SURV
VCH,SUVO
STY,SUSO
TAW,SUTB
TYT,SUTR
TAS,UTTT
AZN,UTKA
AFS,UTSN
BHK,UTSB
FEG,UTKF
NMA,UTFN
NVI,UTSA
KSQ,UTSK
NCU,UTNN
SKD,UTSS
TMJ,UTST
UGC,UTNU
BQU,TVSB
CIW,TVSC
MQS,TVSM
PLI,
UNI,TVSU
SVD,TVSA
PYH,SVPA
AAO,SVAN
BLA,SVBC
ELX,
SOM,SVST
EOZ,SVEZ
GDO,SVGD
PPZ,
PTM,SVPT
SFD,SVSR
BNS,SVBI
SBB,SVSB
CAJ,SVCN
CBL,SVCB
CXA,SVCD
EOR,SVED
ICA,SVIC
ICC,SVIE
KAV,SVKA
KTV,SVKM
PPH,
PZO,SVPR
SNV,SVSE
TMO,SVTM
URM,SVUM
MYC,SVBS
PBL,SVPC
VLN,SVVA
PDZ,SVPE
TUV,SVTC
CZE,SVCR
LSP,SVJC
CLZ,SVCL
VDP,SVVP
BRM,SVBM
VCR,SVCO
MRD,SVMD
VIG,SVVG
LRV,SVRS
MUN,SVMT
PMV,SVMG
AGV,SVAC
GUQ,SVGU
CUM,SVCU
CUP,SVCP
GUI,SVGI
LFR,SVLF
SCI,SVPM
STD,SVSO
SVZ,SVSA
VLV,SVVL
CCS,SVMI
SNF,SVSP
CBS,SVON
CUV,SVCG
LGY,
MAR,SVMC
STB,SVSZ
EIS,TUPJ
NGD,TUPA
RAD,
TOV,
VIJ,TUPW
SJF,
SPB,
SSB,
STT,TIST
STX,TISX
XLO,
HOO,
VCS,VVCS
VTG,VVVT
UIH,VVPC
CAH,VVCM
VCA,VVCT
DAD,VVDN
BMV,VVBM
DIN,VVDB
PXU,VVPK
HAN,VVNB
HPH,VVCI
SGN,VVTS
CXR,VVCR
NHA,VVNT
PQC,VVPQ
VKG,VVRG
KON,
DLI,VVDL
VII,VVVH
PHA,VVPR
TBB,VVTH
VDH,VVDH
TMK,
VCL,VVCA
XNG,
VDO,VVVD
SOA,
SQH,VVNS
THD,VVTX
HUI,VVPB
XVL,
CCV,NVSF
LPM,NVSL
NUS,NVSP
PBJ,NVSI
SWJ,NVSX
ULB,NVSU
LNE,NVSO
LOD,NVSG
MWF,NVSN
RCL,NVSR
SSR,NVSH
WLH,NVSW
OLJ,NVSZ
SON,NVSS
EAE,NVSE
LNB,NVSM
TGH,NVST
UIQ,NVVQ
VLI,NVVV
VLS,NVSV
AUY,NVVA
AWD,NVVB
DLY,NVVD
FTA,NVVF
IPA,NVVI
TAH,NVVW
MTV,NVSA
SLH,NVSC
TOH,NVSD
ZGU,NVSQ
FUT,NLWF
WLS,NLWW
MXS,NSMA
AAU,NSAU
APW,NSFA
FGI,NSFI
DAH,
LDR,
UKR,OYMS
DHL,ODAL
ADE,OYAA
BYD,OYBI
HOD,OYHD
KAM,OYKM
AAY,OYGD
IHN,OYQN
DMR,
GXF,OYSY
RIY,OYRN
SCT,OYSQ
EAB,ODAS
MYN,OYMB
WDA,
BUK,
SYE,OYSH
SAH,OYSN
RXA,
AXK,OYAT
BHN,OYBN
TAI,OYTZ
DZA,FMCZ
AFD,FAPA
BIY,FABE
CDO,FACD
ELS,FAEL
JOH,FAPJ
MBM,
MZF,FAMW
PLZ,FAPE
UTT,FAUT
UTW,FAQT
BFN,FABL
FCB,FAFB
HRS,FAHR
TCU,FATN
WEL,FAWM
GCJ,FAGC
HLA,FALA
JNB,FAOR
PRY,FAWB
QRA,FAGM
WKF,FAWK
DUK,FADK
DUR,FALE
EMG,FAEM
HLW,FAHL
LAY,FALY
MGH,FAMG
MZQ,FAMU
NCS,FANC
PZB,FAPM
PZL,FADQ
RCB,FARB
ULD,FAUL
VIR,FAVG
VYD,FAVY
ADY,FAAL
ELL,FAER
GIY,FAGI
HDS,FAHS
INY,
KHO,
LCD,FALO
LDZ,FALD
LTA,FATZ
MEZ,FAMS
MWR,
PHW,FAPH
PTG,FAPP
THY,FATH
TSD,
ULX,FAUS
AAM,FAMD
GSS,
HZV,FAHW
KOF,FAKP
LLE,FAMN
MQP,FAKN
NGL,FANG
NLP,FANS
SZK,FASZ
TDT,
ZEC,FASC
KXE,FAKD
MBD,FAMM
NTY,FAPN
PCF,FAPS
RVO,FARI
VRU,FAVB
AGZ,FAAG
ALJ,FAAB
KIG,
KIM,FAKM
KLZ,FAKZ
KMH,FAKU
LMR,FALC
PRK,FAPK
SBU,FASB
SIS,FASS
UTN,FAUP
CPT,FACT
GRJ,FAGG
MZY,FAMO
OUH,FAOH
OVG,FAOB
PBZ,FAPG
ROD,FARS
SDB,FALW
VRE,FAVR
JEK,
CGJ,
KIW,FLSO
NLA,FLND
CIP,FLCP
MFU,FLMF
MNS,FLMA
LUN,FLLS
RYL,
BBZ,FLZB
SLI,FLSW
KAA,FLKS
MMQ,FLBA
ZKB,FLKY
LVI,FLLI
ZGM,FLNA
KLB,FLKL
KMZ,FLKO
LXU,FLLK
MNR,FLMG
SJQ,FLSS
SXG,FLSN
BUQ,FVBU
HRE,FVHA
CHJ,FVCH
UTA,FVMU
BZH,
KAB,FVKB
BFO,FVCZ
MJW,FVMH
MVZ,FVMV
HWN,FVWN
VFA,FVFA
WKI,FVWT
GWE,FVTL
